topFinGrpNo,dcls_month,fin_co_no,fin_prdt_cd,intr_rate_type,intr_rate_type_nm,rsrv_type,rsrv_type_nm,save_trm,intr_rate,intr_rate2
020000,202410,0010001,WR0001F,S,단리,S,정액적립식,12,2.8,4.2
020000,202410,0010001,WR0001F,S,단리,S,정액적립식,24,2.8,4.2
020000,202410,0010001,WR0001F,S,단리,S,정액적립식,36,2.8,4.2
020000,202410,0010001,WR0001F,S,단리,F,자유적립식,12,2.6,4.0
020000,202410,0010001,WR0001F,S,단리,F,자유적립식,24,2.6,4.0
020000,202410,0010001,WR0001F,S,단리,F,자유적립식,36,2.6,4.0
020000,202410,0010001,WR0001L,S,단리,S,정액적립식,12,3.7,3.9
020000,202410,0010001,WR0001L,S,단리,F,자유적립식,12,3.7,3.9
020000,202410,0010002,00266451,S,단리,F,자유적립식,36,3.25,3.25
020000,202410,0010002,00266451,S,단리,F,자유적립식,24,3.2,3.2
020000,202410,0010002,00266451,S,단리,F,자유적립식,12,3.15,3.15
020000,202410,0010002,00266451,S,단리,F,자유적립식,6,2.9,2.9
020000,202410,0010002,00266451,S,단리,S,정액적립식,36,3.4,3.4
020000,202410,0010002,00266451,S,단리,S,정액적립식,24,3.35,3.35
020000,202410,0010002,00266451,S,단리,S,정액적립식,12,3.3,3.3
020000,202410,0010002,00266451,S,단리,S,정액적립식,6,3.0,3.0
020000,202410,0010016,10521001000846001,S,단리,S,정액적립식,12,3.31,3.86
020000,202410,0010016,10521001000846001,S,단리,S,정액적립식,24,3.18,3.73
020000,202410,0010016,10521001000846001,S,단리,S,정액적립식,36,3.2,3.75
020000,202410,0010016,10527001000925000,S,단리,F,자유적립식,12,3.51,4.06
020000,202410,0010016,10527001001272000,S,단리,F,자유적립식,12,3.65,4.45
020000,202410,0010016,10527001001272000,S,단리,F,자유적립식,6,2.95,3.75
020000,202410,0010016,10527001001278000,S,단리,F,자유적립식,6,2.65,3.1
020000,202410,0010016,10527001001278000,S,단리,F,자유적립식,12,3.3,3.75
020000,202410,0010016,10527001001278000,S,단리,F,자유적립식,24,3.2,3.65
020000,202410,0010016,10527001001278000,S,단리,F,자유적립식,36,3.25,3.7
020000,202410,0010017,01020400490001,S,단리,F,자유적립식,6,2.6,3.15
020000,202410,0010017,01020400490001,S,단리,F,자유적립식,12,2.7,3.6
020000,202410,0010017,01020400490002,S,단리,S,정액적립식,6,2.7,3.25
020000,202410,0010017,01020400490002,S,단리,S,정액적립식,12,2.8,3.7
020000,202410,0010017,01020400510001,S,단리,F,자유적립식,36,2.5,2.9
020000,202410,0010017,01020400510001,S,단리,F,자유적립식,24,2.5,2.9
020000,202410,0010017,01020400510001,S,단리,F,자유적립식,12,3.0,3.4
020000,202410,0010017,01020400510001,S,단리,F,자유적립식,6,2.9,3.3
020000,202410,0010017,01020400530001,S,단리,F,자유적립식,6,2.9,3.1
020000,202410,0010017,01020400530001,S,단리,F,자유적립식,12,3.0,3.2
020000,202410,0010017,01020400530001,S,단리,F,자유적립식,24,2.5,2.7
020000,202410,0010017,01020400530001,S,단리,F,자유적립식,36,2.5,2.7
020000,202410,0010017,1020400640001,S,단리,F,자유적립식,12,2.0,8.0
020000,202410,0010017,1020400640001,S,단리,F,자유적립식,24,2.0,8.0
020000,202410,0010019,TD11330029000,S,단리,F,자유적립식,36,3.0,4.2
020000,202410,0010019,TD11330029000,S,단리,F,자유적립식,24,2.9,4.1
020000,202410,0010019,TD11330029000,S,단리,F,자유적립식,12,2.8,4.0
020000,202410,0010019,TD11330029000,S,단리,F,자유적립식,6,2.7,3.9
020000,202410,0010019,TD11330029000,S,단리,S,정액적립식,36,3.2,4.4
020000,202410,0010019,TD11330029000,S,단리,S,정액적립식,24,3.1,4.3
020000,202410,0010019,TD11330029000,S,단리,S,정액적립식,12,3.0,4.2
020000,202410,0010019,TD11330029000,S,단리,S,정액적립식,6,2.9,4.1
020000,202410,0010019,TD11330030000,S,단리,S,정액적립식,12,2.8,4.7
020000,202410,0010019,TD11330030000,S,단리,F,자유적립식,12,2.6,4.5
020000,202410,0010019,TD11330031000,S,단리,S,정액적립식,12,3.3,3.8
020000,202410,0010019,TD11330031000,S,단리,F,자유적립식,12,3.0,3.5
020000,202410,0010020,220002101,S,단리,F,자유적립식,6,2.95,5.05
020000,202410,0010020,220002101,S,단리,F,자유적립식,12,3.25,5.35
020000,202410,0010020,220002501,S,단리,F,자유적립식,24,3.8,5.8
020000,202410,0010020,220002501,S,단리,F,자유적립식,12,3.6,5.6
020000,202410,0010020,220002701,S,단리,F,자유적립식,6,2.1,4.8
020000,202410,0010020,220002701,S,단리,F,자유적립식,12,2.3,5.0
020000,202410,0010022,10-01-30-031-0018-0000,S,단리,F,자유적립식,12,3.35,3.45
020000,202410,0010022,10-01-30-031-0018-0000,S,단리,F,자유적립식,24,3.45,3.55
020000,202410,0010022,10-01-30-031-0018-0000,S,단리,F,자유적립식,36,3.45,3.55
020000,202410,0010022,10-01-30-031-0036,S,단리,S,정액적립식,12,3.45,3.55
020000,202410,0010022,10-01-30-031-0036,S,단리,S,정액적립식,24,3.55,3.65
020000,202410,0010022,10-01-30-031-0036,S,단리,S,정액적립식,36,3.55,3.65
020000,202410,0010022,10-01-30-031-0049-0000,S,단리,S,정액적립식,6,2.0,6.0
020000,202410,0010024,21000111,S,단리,S,정액적립식,36,3.35,4.35
020000,202410,0010024,21000111,S,단리,S,정액적립식,24,3.25,4.25
020000,202410,0010024,21000111,S,단리,S,정액적립식,12,3.15,4.15
020000,202410,0010024,21001116,S,단리,F,자유적립식,6,3.35,4.05
020000,202410,0010024,21001116,S,단리,F,자유적립식,12,3.45,4.15
020000,202410,0010024,21001116,S,단리,F,자유적립식,24,3.55,4.25
020000,202410,0010024,21001199,S,단리,F,자유적립식,1,2.2,4.7
020000,202410,0010024,21001199,S,단리,F,자유적립식,6,2.25,4.75
020000,202410,0010024,21001199,S,단리,F,자유적립식,12,2.55,5.05
020000,202410,0010024,21001199,S,단리,F,자유적립식,24,2.55,5.05
020000,202410,0010024,21001199,S,단리,F,자유적립식,36,2.55,5.05
020000,202410,0010024,21001236,S,단리,S,정액적립식,36,3.4,5.0
020000,202410,0010024,21001236,S,단리,S,정액적립식,24,3.35,4.95
020000,202410,0010024,21001236,S,단리,S,정액적립식,12,3.3,4.9
020000,202410,0010024,21001259,S,단리,F,자유적립식,1,3.45,5.2
020000,202410,0010024,21001259,S,단리,F,자유적립식,3,3.45,5.2
020000,202410,0010024,21001259,S,단리,F,자유적립식,6,3.45,5.2
020000,202410,0010024,21001268,S,단리,F,자유적립식,1,2.2,7.7
020000,202410,0010026,01211210113,S,단리,F,자유적립식,1,2.9,4.4
020000,202410,0010026,01211210113,S,단리,F,자유적립식,3,2.9,4.4
020000,202410,0010026,01211210113,S,단리,F,자유적립식,6,3.1,4.6
020000,202410,0010026,01211210113,S,단리,F,자유적립식,12,3.3,4.8
020000,202410,0010026,01211210121,S,단리,F,자유적립식,12,3.0,7.0
020000,202410,0010026,01211210122,S,단리,F,자유적립식,12,3.5,5.7
020000,202410,0010030,03101,S,단리,S,정액적립식,6,2.53,2.53
020000,202410,0010030,03101,S,단리,S,정액적립식,12,2.45,2.45
020000,202410,0010030,03101,S,단리,S,정액적립식,24,2.31,2.31
020000,202410,0010030,03101,S,단리,S,정액적립식,36,2.33,2.33
020000,202410,0010030,03700,S,단리,F,자유적립식,36,2.78,2.78
020000,202410,0010030,03700,S,단리,F,자유적립식,24,2.76,2.76
020000,202410,0010030,03700,S,단리,F,자유적립식,12,3.05,3.05
020000,202410,0010030,03700,S,단리,F,자유적립식,6,2.93,2.93
020000,202410,0010030,03700,S,단리,F,자유적립식,3,2.68,2.68
020000,202410,0010030,03700,S,단리,F,자유적립식,1,2.68,2.68
020000,202410,0010927,010200100051,S,단리,S,정액적립식,12,2.5,3.4
020000,202410,0010927,010200100051,S,단리,S,정액적립식,24,2.7,3.7
020000,202410,0010927,010200100051,S,단리,S,정액적립식,36,2.8,4.0
020000,202410,0010927,010200100084,S,단리,F,자유적립식,12,2.55,3.35
020000,202410,0010927,010200100084,S,단리,F,자유적립식,24,2.75,3.65
020000,202410,0010927,010200100084,S,단리,F,자유적립식,36,3.05,4.05
020000,202410,0010927,010200100092,S,단리,F,자유적립식,12,3.0,4.5
020000,202410,0010927,010200100092,S,단리,F,자유적립식,24,3.3,4.8
020000,202410,0010927,010200100092,S,단리,F,자유적립식,36,3.5,5.0
020000,202410,0010927,010200100104,S,단리,F,자유적립식,6,2.0,6.0
020000,202410,0010927,010200100104,S,단리,F,자유적립식,3,2.0,6.0
020000,202410,0010927,010200100104,S,단리,F,자유적립식,1,2.0,6.0
020000,202410,0010927,010200100109,S,단리,F,자유적립식,12,2.5,8.0
020000,202410,0011625,230-0119-85,S,단리,F,자유적립식,12,2.9,4.2
020000,202410,0011625,230-0119-85,S,단리,F,자유적립식,24,2.95,4.25
020000,202410,0011625,230-0119-85,S,단리,F,자유적립식,36,3.0,4.3
020000,202410,0013175,10-047-1360-0002,S,단리,F,자유적립식,1,2.45,4.15
020000,202410,0013175,10-047-1360-0002,S,단리,F,자유적립식,3,2.55,4.25
020000,202410,0013175,10-047-1360-0002,S,단리,F,자유적립식,6,2.75,4.45
020000,202410,0013175,10-047-1365-0001,M,복리,F,자유적립식,24,2.9,6.4
020000,202410,0013175,10-047-1365-0001,M,복리,F,자유적립식,12,2.85,6.35
020000,202410,0013175,10-047-1365-0001,M,복리,F,자유적립식,6,2.75,6.25
020000,202410,0013175,10-047-1381-0001,S,단리,F,자유적립식,12,2.85,3.85
020000,202410,0013175,10-047-1381-0001,S,단리,F,자유적립식,24,2.9,3.9
020000,202410,0013175,10-047-1381-0001,S,단리,F,자유적립식,36,3.0,4.0
020000,202410,0013175,10-047-1387-0001,S,단리,F,자유적립식,12,3.15,4.15
020000,202410,0013175,10-047-1387-0001,S,단리,F,자유적립식,24,3.2,4.2
020000,202410,0013175,10-047-1387-0001,S,단리,F,자유적립식,36,3.3,4.3
020000,202410,0013175,10-059-1264-0001,M,복리,F,자유적립식,12,3.19,3.99
020000,202410,0013175,10-059-1264-0001,M,복리,F,자유적립식,24,3.07,3.87
020000,202410,0013175,10-059-1264-0001,M,복리,F,자유적립식,36,3.12,3.92
020000,202410,0013909,52,M,복리,F,자유적립식,36,3.5,4.5
020000,202410,0013909,52,M,복리,F,자유적립식,24,3.4,4.4
020000,202410,0013909,52,M,복리,F,자유적립식,12,3.3,4.3
020000,202410,0013909,53,S,단리,S,정액적립식,6,2.5,3.0
020000,202410,0013909,53,S,단리,S,정액적립식,12,2.6,3.1
020000,202410,0013909,53,S,단리,S,정액적립식,24,2.7,3.2
020000,202410,0013909,53,S,단리,S,정액적립식,36,2.8,3.3
020000,202410,0013909,53,S,단리,F,자유적립식,6,2.2,2.7
020000,202410,0013909,53,S,단리,F,자유적립식,12,2.3,2.8
020000,202410,0013909,53,S,단리,F,자유적립식,24,2.4,2.9
020000,202410,0013909,53,S,단리,F,자유적립식,36,2.5,3.0
020000,202410,0014674,01012000200000000003,S,단리,F,자유적립식,36,3.9,3.9
020000,202410,0014674,01012000200000000003,S,단리,F,자유적립식,24,3.85,3.85
020000,202410,0014674,01012000200000000003,S,단리,F,자유적립식,12,3.8,3.8
020000,202410,0014674,01012000200000000003,S,단리,F,자유적립식,6,3.5,3.5
020000,202410,0014674,01012000200000000003,S,단리,F,자유적립식,3,3.4,3.4
020000,202410,0014674,01012000200000000003,S,단리,F,자유적립식,1,3.2,3.2
020000,202410,0014674,01012000200000000004,S,단리,F,자유적립식,1,1.5,7.5
020000,202410,0014674,01012000210000000000,S,단리,F,자유적립식,6,3.4,4.0
020000,202410,0014674,01012000210000000000,S,단리,F,자유적립식,12,3.7,4.3
020000,202410,0014674,01012000210000000000,S,단리,F,자유적립식,24,3.75,4.35
020000,202410,0014674,01012000210000000000,S,단리,F,자유적립식,36,3.8,4.4
020000,202410,0014807,10140114300011,S,단리,S,정액적립식,36,3.3,3.8
020000,202410,0014807,10140114300011,S,단리,S,정액적립식,24,3.0,3.5
020000,202410,0014807,10140114300011,S,단리,S,정액적립식,12,3.5,4.0
020000,202410,0014807,10141109800021,M,복리,F,자유적립식,12,2.2,2.9
020000,202410,0014807,10141109800021,M,복리,F,자유적립식,24,1.8,2.5
020000,202410,0014807,10141109800021,M,복리,F,자유적립식,36,1.9,2.6
020000,202410,0014807,10141114300011,S,단리,F,자유적립식,12,3.15,3.65
020000,202410,0014807,10141114300011,S,단리,F,자유적립식,24,2.35,2.85
020000,202410,0014807,10141114300011,S,단리,F,자유적립식,36,2.35,2.85
020000,202410,0015130,10-01-30-355-0002,S,단리,F,자유적립식,36,3.5,3.7
020000,202410,0015130,10-01-30-355-0002,S,단리,F,자유적립식,24,3.5,3.7
020000,202410,0015130,10-01-30-355-0002,S,단리,F,자유적립식,12,3.5,3.7
020000,202410,0015130,10-01-30-355-0002,S,단리,F,자유적립식,6,3.3,3.5
020000,202410,0015130,10-01-30-355-0005,S,단리,F,자유적립식,6,2.5,5.5
020000,202410,0015130,10-01-30-355-0006,S,단리,F,자유적립식,1,1.5,7.0
020000,202410,0017801,1001303001001,S,단리,F,자유적립식,6,2.0,4.0
020000,202410,0017801,1001303001003,S,단리,F,자유적립식,6,2.0,4.5
020000,202410,0017801,1001303001004,S,단리,F,자유적립식,3,1.5,2.0
020000,202410,0017801,1001303001004,S,단리,F,자유적립식,6,2.0,2.5
020000,202410,0017801,1001303001004,S,단리,F,자유적립식,12,3.0,3.5
020000,202410,0017801,1001303001004,S,단리,F,자유적립식,24,3.0,3.5
020000,202410,0017801,1001303001004,S,단리,F,자유적립식,36,3.0,3.5
020000,202410,0017801,1001303001005,S,단리,F,자유적립식,12,3.0,5.5
030300,202410,0010345,HK00002,S,단리,S,정액적립식,3,1.4,1.4
030300,202410,0010345,HK00002,S,단리,S,정액적립식,6,1.6,1.6
030300,202410,0010345,HK00002,S,단리,S,정액적립식,12,2.2,2.2
030300,202410,0010345,HK00002,S,단리,S,정액적립식,24,2.2,2.2
030300,202410,0010345,HK00002,S,단리,S,정액적립식,36,2.3,2.3
030300,202410,0010345,HK00002,M,복리,S,정액적립식,3,1.4,1.4
030300,202410,0010345,HK00002,M,복리,S,정액적립식,6,1.6,1.6
030300,202410,0010345,HK00002,M,복리,S,정액적립식,12,2.2,2.2
030300,202410,0010345,HK00002,M,복리,S,정액적립식,24,2.2,2.2
030300,202410,0010345,HK00002,M,복리,S,정액적립식,36,2.3,2.3
030300,202410,0010345,HK00003,M,복리,S,정액적립식,36,2.8,3.2
030300,202410,0010345,HK00003,M,복리,S,정액적립식,24,2.7,3.1
030300,202410,0010345,HK00003,M,복리,S,정액적립식,12,2.6,3.0
030300,202410,0010345,HK00003,S,단리,S,정액적립식,36,2.8,3.2
030300,202410,0010345,HK00003,S,단리,S,정액적립식,24,2.7,3.1
030300,202410,0010345,HK00003,S,단리,S,정액적립식,12,2.6,3.0
030300,202410,0010345,HK00101,S,단리,F,자유적립식,12,2.5,5.0
030300,202410,0010345,HK00101,M,복리,F,자유적립식,12,2.5,5.0
030300,202410,0010346,31000,S,단리,S,정액적립식,36,3.8,3.8
030300,202410,0010346,31000,S,단리,S,정액적립식,24,3.7,3.7
030300,202410,0010346,31000,S,단리,S,정액적립식,12,3.6,3.6
030300,202410,0010346,31000,S,단리,S,정액적립식,6,2.2,2.2
030300,202410,0010346,31003,S,단리,F,자유적립식,12,3.2,3.2
030300,202410,0010346,31003,S,단리,F,자유적립식,24,3.2,3.2
030300,202410,0010346,31003,S,단리,F,자유적립식,36,3.2,3.2
030300,202410,0010349,0803,M,복리,F,자유적립식,12,3.6,4.0
030300,202410,0010349,310000,M,복리,S,정액적립식,36,4.1,4.1
030300,202410,0010349,310000,M,복리,S,정액적립식,24,4.1,4.1
030300,202410,0010349,310000,M,복리,S,정액적립식,12,4.0,4.0
030300,202410,0010349,310000,M,복리,S,정액적립식,6,2.8,2.8
030300,202410,0010349,310000,S,단리,S,정액적립식,36,4.1,4.1
030300,202410,0010349,310000,S,단리,S,정액적립식,24,4.1,4.1
030300,202410,0010349,310000,S,단리,S,정액적립식,12,4.0,4.0
030300,202410,0010349,310000,S,단리,S,정액적립식,6,2.8,2.8
030300,202410,0010349,310007,S,단리,S,정액적립식,6,2.9,2.9
030300,202410,0010349,310007,S,단리,S,정액적립식,12,4.1,4.1
030300,202410,0010349,310007,S,단리,S,정액적립식,24,4.2,4.2
030300,202410,0010349,310007,S,단리,S,정액적립식,36,4.2,4.2
030300,202410,0010349,310007,M,복리,S,정액적립식,6,2.9,2.9
030300,202410,0010349,310007,M,복리,S,정액적립식,12,4.1,4.1
030300,202410,0010349,310007,M,복리,S,정액적립식,24,4.2,4.2
030300,202410,0010349,310007,M,복리,S,정액적립식,36,4.2,4.2
030300,202410,0010349,310806,M,복리,S,정액적립식,36,4.3,4.3
030300,202410,0010349,310806,M,복리,S,정액적립식,24,4.3,4.3
030300,202410,0010349,310806,M,복리,S,정액적립식,12,4.2,4.2
030300,202410,0010349,310806,M,복리,S,정액적립식,6,3.0,3.0
030300,202410,0010349,310806,S,단리,S,정액적립식,36,4.3,4.3
030300,202410,0010349,310806,S,단리,S,정액적립식,24,4.3,4.3
030300,202410,0010349,310806,S,단리,S,정액적립식,12,4.2,4.2
030300,202410,0010349,310806,S,단리,S,정액적립식,6,3.0,3.0
030300,202410,0010349,310807,S,단리,S,정액적립식,12,4.0,6.5
030300,202410,0010349,310807,M,복리,S,정액적립식,12,4.0,6.5
030300,202410,0010350,310010,M,복리,S,정액적립식,36,3.8,3.8
030300,202410,0010350,310010,M,복리,S,정액적립식,24,3.8,3.8
030300,202410,0010350,310010,M,복리,S,정액적립식,12,3.7,3.7
030300,202410,0010350,310010,M,복리,S,정액적립식,6,3.3,3.3
030300,202410,0010350,310010,S,단리,S,정액적립식,36,3.8,3.8
030300,202410,0010350,310010,S,단리,S,정액적립식,24,3.8,3.8
030300,202410,0010350,310010,S,단리,S,정액적립식,12,3.7,3.7
030300,202410,0010350,310010,S,단리,S,정액적립식,6,3.3,3.3
030300,202410,0010350,310011,S,단리,S,정액적립식,6,3.4,3.4
030300,202410,0010350,310011,S,단리,S,정액적립식,12,3.8,3.8
030300,202410,0010350,310011,S,단리,S,정액적립식,24,3.9,3.9
030300,202410,0010350,310011,S,단리,S,정액적립식,36,3.9,3.9
030300,202410,0010350,310011,M,복리,S,정액적립식,6,3.4,3.4
030300,202410,0010350,310011,M,복리,S,정액적립식,12,3.8,3.8
030300,202410,0010350,310011,M,복리,S,정액적립식,24,3.9,3.9
030300,202410,0010350,310011,M,복리,S,정액적립식,36,3.9,3.9
030300,202410,0010350,310013,M,복리,S,정액적립식,36,3.9,3.9
030300,202410,0010350,310013,M,복리,S,정액적립식,24,3.9,3.9
030300,202410,0010350,310013,M,복리,S,정액적립식,12,3.8,3.8
030300,202410,0010350,310013,M,복리,S,정액적립식,6,3.4,3.4
030300,202410,0010350,310013,S,단리,S,정액적립식,36,3.9,3.9
030300,202410,0010350,310013,S,단리,S,정액적립식,24,3.9,3.9
030300,202410,0010350,310013,S,단리,S,정액적립식,12,3.8,3.8
030300,202410,0010350,310013,S,단리,S,정액적립식,6,3.4,3.4
030300,202410,0010354,MK310001,S,단리,S,정액적립식,6,3.0,3.0
030300,202410,0010354,MK310001,S,단리,S,정액적립식,12,3.6,3.6
030300,202410,0010354,MK310001,S,단리,S,정액적립식,24,3.6,3.6
030300,202410,0010354,MK310001,S,단리,S,정액적립식,36,3.4,3.4
030300,202410,0010354,MK310004,S,단리,S,정액적립식,36,3.5,3.5
030300,202410,0010354,MK310004,S,단리,S,정액적립식,24,3.7,3.7
030300,202410,0010354,MK310004,S,단리,S,정액적립식,12,3.7,3.7
030300,202410,0010354,MK310004,S,단리,S,정액적립식,6,3.0,3.0
030300,202410,0010354,MK310017,S,단리,S,정액적립식,6,3.0,3.0
030300,202410,0010354,MK310017,S,단리,S,정액적립식,12,3.7,3.7
030300,202410,0010354,MK310017,S,단리,S,정액적립식,24,3.7,3.7
030300,202410,0010354,MK310017,S,단리,S,정액적립식,36,3.5,3.5
030300,202410,0010354,MK310022,S,단리,S,정액적립식,6,3.0,3.0
030300,202410,0010354,MK310022,S,단리,S,정액적립식,12,3.7,3.7
030300,202410,0010354,MK310022,S,단리,S,정액적립식,24,3.7,3.7
030300,202410,0010354,MK310022,S,단리,S,정액적립식,36,3.5,3.5
030300,202410,0010356,2001,S,단리,S,정액적립식,6,3.3,3.3
030300,202410,0010356,2001,S,단리,S,정액적립식,12,3.7,3.7
030300,202410,0010356,2001,S,단리,S,정액적립식,24,3.3,3.3
030300,202410,0010356,2002,S,단리,F,자유적립식,24,3.1,3.1
030300,202410,0010356,2002,S,단리,F,자유적립식,12,3.5,3.5
030300,202410,0010358,310002,S,단리,S,정액적립식,12,3.5,3.5
030300,202410,0010358,310002,S,단리,S,정액적립식,24,3.6,3.6
030300,202410,0010358,310002,S,단리,S,정액적립식,36,3.7,3.7
030300,202410,0010358,310002,M,복리,S,정액적립식,12,3.5,3.5
030300,202410,0010358,310002,M,복리,S,정액적립식,24,3.6,3.6
030300,202410,0010358,310002,M,복리,S,정액적립식,36,3.7,3.7
030300,202410,0010358,310003,S,단리,S,정액적립식,12,3.7,3.7
030300,202410,0010358,310003,S,단리,S,정액적립식,24,3.8,3.8
030300,202410,0010358,310003,S,단리,S,정액적립식,36,3.9,3.9
030300,202410,0010358,310003,M,복리,S,정액적립식,12,3.7,3.7
030300,202410,0010358,310003,M,복리,S,정액적립식,24,3.8,3.8
030300,202410,0010358,310003,M,복리,S,정액적립식,36,3.9,3.9
030300,202410,0010358,310004,M,복리,S,정액적립식,36,3.9,3.9
030300,202410,0010358,310004,M,복리,S,정액적립식,24,3.8,3.8
030300,202410,0010358,310004,M,복리,S,정액적립식,12,3.7,3.7
030300,202410,0010358,310004,S,단리,S,정액적립식,36,3.9,3.9
030300,202410,0010358,310004,S,단리,S,정액적립식,24,3.8,3.8
030300,202410,0010358,310004,S,단리,S,정액적립식,12,3.7,3.7
030300,202410,0010359,310005,S,단리,S,정액적립식,6,2.1,2.1
030300,202410,0010359,310005,S,단리,S,정액적립식,12,4.2,4.2
030300,202410,0010359,310005,S,단리,S,정액적립식,24,3.9,3.9
030300,202410,0010359,310005,S,단리,S,정액적립식,36,3.7,3.7
030300,202410,0010359,310006,S,단리,S,정액적립식,6,2.2,2.2
030300,202410,0010359,310006,S,단리,S,정액적립식,12,4.3,4.3
030300,202410,0010359,310006,S,단리,S,정액적립식,24,4.0,4.0
030300,202410,0010359,310006,S,단리,S,정액적립식,36,3.8,3.8
030300,202410,0010359,310007,S,단리,S,정액적립식,36,3.8,3.8
030300,202410,0010359,310007,S,단리,S,정액적립식,24,4.0,4.0
030300,202410,0010359,310007,S,단리,S,정액적립식,12,4.3,4.3
030300,202410,0010359,310007,S,단리,S,정액적립식,6,2.2,2.2
030300,202410,0010363,310027,S,단리,S,정액적립식,6,2.1,2.1
030300,202410,0010363,310027,S,단리,S,정액적립식,12,3.1,3.1
030300,202410,0010363,310027,S,단리,S,정액적립식,24,3.2,3.2
030300,202410,0010363,310027,S,단리,S,정액적립식,36,3.3,3.3
030300,202410,0010363,310028,S,단리,S,정액적립식,6,2.1,2.1
030300,202410,0010363,310028,S,단리,S,정액적립식,12,3.2,3.2
030300,202410,0010363,310028,S,단리,S,정액적립식,24,3.3,3.3
030300,202410,0010363,310028,S,단리,S,정액적립식,36,3.4,3.4
030300,202410,0010366,024310001,S,단리,S,정액적립식,6,2.4,2.4
030300,202410,0010366,024310001,S,단리,S,정액적립식,12,2.6,2.6
030300,202410,0010366,024310001,S,단리,S,정액적립식,24,2.8,2.8
030300,202410,0010366,024310001,S,단리,S,정액적립식,36,2.8,2.8
030300,202410,0010366,024311001,S,단리,S,정액적립식,36,2.8,2.8
030300,202410,0010366,024311001,S,단리,S,정액적립식,24,2.8,2.8
030300,202410,0010366,024311001,S,단리,S,정액적립식,12,2.6,2.6
030300,202410,0010366,024311001,S,단리,S,정액적립식,6,2.4,2.4
030300,202410,0010366,024312001,S,단리,S,정액적립식,6,2.4,2.4
030300,202410,0010366,024312001,S,단리,S,정액적립식,12,2.6,2.6
030300,202410,0010366,024312001,S,단리,S,정액적립식,24,2.8,2.8
030300,202410,0010366,024312001,S,단리,S,정액적립식,36,2.8,2.8
030300,202410,0010370,310000,S,단리,S,정액적립식,6,2.7,2.7
030300,202410,0010370,310000,S,단리,S,정액적립식,12,3.6,3.6
030300,202410,0010370,310000,S,단리,S,정액적립식,24,2.7,2.7
030300,202410,0010370,310000,S,단리,S,정액적립식,36,2.4,2.4
030300,202410,0010370,380008,M,복리,F,자유적립식,3,2.35,2.45
030300,202410,0010370,380008,M,복리,F,자유적립식,6,3.05,3.15
030300,202410,0010370,380008,M,복리,F,자유적립식,12,3.45,3.55
030300,202410,0010370,380008,M,복리,F,자유적립식,24,2.5,2.6
030300,202410,0010378,310001,S,단리,S,정액적립식,36,3.0,3.0
030300,202410,0010378,310001,S,단리,S,정액적립식,24,3.0,3.0
030300,202410,0010378,310001,S,단리,S,정액적립식,12,3.0,3.0
030300,202410,0010378,310001,S,단리,S,정액적립식,6,2.0,2.0
030300,202410,0010378,310004,S,단리,S,정액적립식,6,2.1,2.1
030300,202410,0010378,310004,S,단리,S,정액적립식,12,3.1,3.1
030300,202410,0010378,310004,S,단리,S,정액적립식,24,3.1,3.1
030300,202410,0010378,310004,S,단리,S,정액적립식,36,3.1,3.1
030300,202410,0010378,310009,S,단리,S,정액적립식,6,2.1,2.1
030300,202410,0010378,310009,S,단리,S,정액적립식,12,3.1,3.1
030300,202410,0010378,310009,S,단리,S,정액적립식,24,3.1,3.1
030300,202410,0010378,310009,S,단리,S,정액적립식,36,3.1,3.1
030300,202410,0010388,310005,S,단리,S,정액적립식,12,3.0,3.0
030300,202410,0010388,310005,S,단리,S,정액적립식,24,3.0,3.0
030300,202410,0010388,310005,S,단리,S,정액적립식,36,3.0,3.0
030300,202410,0010388,310006,S,단리,S,정액적립식,36,3.0,3.0
030300,202410,0010388,310006,S,단리,S,정액적립식,24,3.0,3.0
030300,202410,0010388,310006,S,단리,S,정액적립식,12,3.0,3.0
030300,202410,0010388,310008,S,단리,S,정액적립식,12,3.0,3.0
030300,202410,0010388,310008,S,단리,S,정액적립식,24,3.0,3.0
030300,202410,0010388,310018,S,단리,S,정액적립식,6,3.6,3.6
030300,202410,0010388,310018,S,단리,S,정액적립식,12,4.1,4.1
030300,202410,0010388,310018,S,단리,S,정액적립식,24,4.3,4.3
030300,202410,0010388,310018,S,단리,S,정액적립식,36,4.3,4.3
030300,202410,0010388,310019,S,단리,S,정액적립식,6,3.6,3.6
030300,202410,0010388,310019,S,단리,S,정액적립식,12,4.1,4.1
030300,202410,0010388,310019,S,단리,S,정액적립식,24,4.3,4.3
030300,202410,0010388,310019,S,단리,S,정액적립식,36,4.3,4.3
030300,202410,0010389,31,S,단리,S,정액적립식,36,3.5,3.5
030300,202410,0010389,31,S,단리,S,정액적립식,24,3.5,3.5
030300,202410,0010389,31,S,단리,S,정액적립식,12,3.5,3.5
030300,202410,0010389,31-1,S,단리,S,정액적립식,12,3.55,3.55
030300,202410,0010389,31-1,S,단리,S,정액적립식,24,3.55,3.55
030300,202410,0010389,31-1,S,단리,S,정액적립식,36,3.55,3.55
030300,202410,0010390,310007,S,단리,S,정액적립식,6,2.5,2.5
030300,202410,0010390,310007,S,단리,S,정액적립식,12,4.0,4.0
030300,202410,0010390,310007,S,단리,S,정액적립식,24,3.5,3.5
030300,202410,0010390,310007,S,단리,S,정액적립식,36,3.2,3.2
030300,202410,0010390,310008,S,단리,S,정액적립식,6,2.5,2.5
030300,202410,0010390,310008,S,단리,S,정액적립식,12,4.0,4.0
030300,202410,0010390,310008,S,단리,S,정액적립식,24,3.5,3.5
030300,202410,0010390,310008,S,단리,S,정액적립식,36,3.2,3.2
030300,202410,0010390,310009,S,단리,S,정액적립식,36,3.2,3.2
030300,202410,0010390,310009,S,단리,S,정액적립식,24,3.5,3.5
030300,202410,0010390,310009,S,단리,S,정액적립식,12,4.0,4.0
030300,202410,0010390,310009,S,단리,S,정액적립식,6,2.5,2.5
030300,202410,0010390,310010,S,단리,S,정액적립식,6,2.5,2.5
030300,202410,0010390,310010,S,단리,S,정액적립식,12,4.0,4.0
030300,202410,0010390,310010,S,단리,S,정액적립식,24,3.5,3.5
030300,202410,0010390,310010,S,단리,S,정액적립식,36,3.2,3.2
030300,202410,0010390,310016,S,단리,S,정액적립식,6,2.5,2.5
030300,202410,0010390,310016,S,단리,S,정액적립식,12,4.0,4.0
030300,202410,0010390,310016,S,단리,S,정액적립식,24,3.5,3.5
030300,202410,0010390,310016,S,단리,S,정액적립식,36,3.2,3.2
030300,202410,0010390,310017,S,단리,S,정액적립식,6,3.0,6.0
030300,202410,0010390,310017,S,단리,S,정액적립식,12,4.0,7.0
030300,202410,0010391,KJ0001B,S,단리,S,정액적립식,24,1.6,1.6
030300,202410,0010391,KJ0001B,S,단리,S,정액적립식,12,2.6,2.6
030300,202410,0010391,KJ0001B,S,단리,S,정액적립식,6,2.0,2.0
030300,202410,0010391,KJ0004B,S,단리,S,정액적립식,6,2.0,2.0
030300,202410,0010391,KJ0004B,S,단리,S,정액적립식,12,2.6,2.6
030300,202410,0010391,KJ0004B,S,단리,S,정액적립식,24,1.6,1.6
030300,202410,0010404,DH003,S,단리,S,정액적립식,6,3.0,3.0
030300,202410,0010404,DH003,S,단리,S,정액적립식,12,4.0,4.0
030300,202410,0010404,DH003,S,단리,S,정액적립식,24,4.1,4.1
030300,202410,0010404,DH003,S,단리,S,정액적립식,36,4.1,4.1
030300,202410,0010404,DH003,M,복리,S,정액적립식,6,3.0,3.0
030300,202410,0010404,DH003,M,복리,S,정액적립식,12,4.0,4.0
030300,202410,0010404,DH003,M,복리,S,정액적립식,24,4.1,4.1
030300,202410,0010404,DH003,M,복리,S,정액적립식,36,4.1,4.1
030300,202410,0010404,DH004,M,복리,S,정액적립식,36,4.1,4.1
030300,202410,0010404,DH004,M,복리,S,정액적립식,24,4.1,4.1
030300,202410,0010404,DH004,M,복리,S,정액적립식,12,4.0,4.0
030300,202410,0010404,DH004,M,복리,S,정액적립식,6,3.0,3.0
030300,202410,0010404,DH004,S,단리,S,정액적립식,36,4.1,4.1
030300,202410,0010404,DH004,S,단리,S,정액적립식,24,4.1,4.1
030300,202410,0010404,DH004,S,단리,S,정액적립식,12,4.0,4.0
030300,202410,0010404,DH004,S,단리,S,정액적립식,6,3.0,3.0
030300,202410,0010416,310001,S,단리,S,정액적립식,6,3.0,3.0
030300,202410,0010416,310001,S,단리,S,정액적립식,12,3.5,3.5
030300,202410,0010416,310001,S,단리,S,정액적립식,24,3.5,3.5
030300,202410,0010416,310001,S,단리,S,정액적립식,36,3.5,3.5
030300,202410,0010416,310001,M,복리,S,정액적립식,6,3.0,3.0
030300,202410,0010416,310001,M,복리,S,정액적립식,12,3.5,3.5
030300,202410,0010416,310001,M,복리,S,정액적립식,24,3.5,3.5
030300,202410,0010416,310001,M,복리,S,정액적립식,36,3.5,3.5
030300,202410,0010416,310005,M,복리,S,정액적립식,36,3.5,3.5
030300,202410,0010416,310005,M,복리,S,정액적립식,24,3.5,3.5
030300,202410,0010416,310005,M,복리,S,정액적립식,12,3.5,3.5
030300,202410,0010416,310005,M,복리,S,정액적립식,6,3.0,3.0
030300,202410,0010416,310005,S,단리,S,정액적립식,36,3.5,3.5
030300,202410,0010416,310005,S,단리,S,정액적립식,24,3.5,3.5
030300,202410,0010416,310005,S,단리,S,정액적립식,12,3.5,3.5
030300,202410,0010416,310005,S,단리,S,정액적립식,6,3.0,3.0
030300,202410,0010416,310006,S,단리,S,정액적립식,6,3.0,3.0
030300,202410,0010416,310006,S,단리,S,정액적립식,12,3.5,3.5
030300,202410,0010416,310006,S,단리,S,정액적립식,24,3.5,3.5
030300,202410,0010416,310006,S,단리,S,정액적립식,36,3.5,3.5
030300,202410,0010416,310006,M,복리,S,정액적립식,6,3.0,3.0
030300,202410,0010416,310006,M,복리,S,정액적립식,12,3.5,3.5
030300,202410,0010416,310006,M,복리,S,정액적립식,24,3.5,3.5
030300,202410,0010416,310006,M,복리,S,정액적립식,36,3.5,3.5
030300,202410,0010416,310009,M,복리,F,자유적립식,36,3.5,3.5
030300,202410,0010416,310009,M,복리,F,자유적립식,24,3.5,3.5
030300,202410,0010416,310009,M,복리,F,자유적립식,12,3.5,3.5
030300,202410,0010416,310009,M,복리,F,자유적립식,6,3.0,3.0
030300,202410,0010416,310009,S,단리,F,자유적립식,36,3.5,3.5
030300,202410,0010416,310009,S,단리,F,자유적립식,24,3.5,3.5
030300,202410,0010416,310009,S,단리,F,자유적립식,12,3.5,3.5
030300,202410,0010416,310009,S,단리,F,자유적립식,6,3.0,3.0
030300,202410,0010416,310012,S,단리,S,정액적립식,6,3.0,3.0
030300,202410,0010416,310012,S,단리,S,정액적립식,12,3.5,3.5
030300,202410,0010416,310012,S,단리,S,정액적립식,24,3.5,3.5
030300,202410,0010416,310012,S,단리,S,정액적립식,36,3.5,3.5
030300,202410,0010416,310012,M,복리,S,정액적립식,6,3.0,3.0
030300,202410,0010416,310012,M,복리,S,정액적립식,12,3.5,3.5
030300,202410,0010416,310012,M,복리,S,정액적립식,24,3.5,3.5
030300,202410,0010416,310012,M,복리,S,정액적립식,36,3.5,3.5
030300,202410,0010418,310003,S,단리,S,정액적립식,36,2.5,2.5
030300,202410,0010418,310003,S,단리,S,정액적립식,24,2.4,2.4
030300,202410,0010418,310003,S,단리,S,정액적립식,12,2.3,2.3
030300,202410,0010418,310003,S,단리,S,정액적립식,6,2.2,2.2
030300,202410,0010418,310004,S,단리,S,정액적립식,6,2.3,2.3
030300,202410,0010418,310004,S,단리,S,정액적립식,12,2.4,2.4
030300,202410,0010418,310004,S,단리,S,정액적립식,24,2.5,2.5
030300,202410,0010418,310004,S,단리,S,정액적립식,36,2.6,2.6
030300,202410,0010419,310009,S,단리,S,정액적립식,1,1.8,1.8
030300,202410,0010419,310009,S,단리,S,정액적립식,3,1.8,1.8
030300,202410,0010419,310009,S,단리,S,정액적립식,6,3.0,3.0
030300,202410,0010419,310009,S,단리,S,정액적립식,12,4.0,4.0
030300,202410,0010419,310009,S,단리,S,정액적립식,24,3.9,3.9
030300,202410,0010419,310009,S,단리,S,정액적립식,36,3.8,3.8
030300,202410,0010419,310010,S,단리,S,정액적립식,36,3.8,3.8
030300,202410,0010419,310010,S,단리,S,정액적립식,24,3.9,3.9
030300,202410,0010419,310010,S,단리,S,정액적립식,12,4.0,4.0
030300,202410,0010419,310010,S,단리,S,정액적립식,6,3.0,3.0
030300,202410,0010419,310010,S,단리,S,정액적립식,3,1.8,1.8
030300,202410,0010419,310010,S,단리,S,정액적립식,1,1.8,1.8
030300,202410,0010421,KH3100,S,단리,F,자유적립식,36,3.0,3.0
030300,202410,0010421,KH3100,S,단리,F,자유적립식,24,3.0,3.0
030300,202410,0010421,KH3100,S,단리,F,자유적립식,12,3.5,3.5
030300,202410,0010421,KH3100,S,단리,F,자유적립식,6,3.7,3.7
030300,202410,0010421,KH3100,S,단리,F,자유적립식,3,2.7,2.7
030300,202410,0010421,KH3100,S,단리,F,자유적립식,1,2.0,2.0
030300,202410,0010421,KH3100,S,단리,S,정액적립식,36,3.9,3.9
030300,202410,0010421,KH3100,S,단리,S,정액적립식,24,3.9,3.9
030300,202410,0010421,KH3100,S,단리,S,정액적립식,12,3.9,3.9
030300,202410,0010421,KH3100,S,단리,S,정액적립식,6,3.3,3.3
030300,202410,0010421,KH3101,S,단리,F,자유적립식,36,3.0,3.0
030300,202410,0010421,KH3101,S,단리,F,자유적립식,24,3.0,3.0
030300,202410,0010421,KH3101,S,단리,F,자유적립식,12,3.5,3.5
030300,202410,0010421,KH3101,S,단리,F,자유적립식,6,3.7,3.7
030300,202410,0010421,KH3101,S,단리,F,자유적립식,3,2.8,2.8
030300,202410,0010421,KH3101,S,단리,F,자유적립식,1,2.1,2.1
030300,202410,0010421,KH3101,S,단리,S,정액적립식,36,4.0,4.0
030300,202410,0010421,KH3101,S,단리,S,정액적립식,24,4.0,4.0
030300,202410,0010421,KH3101,S,단리,S,정액적립식,12,4.0,4.0
030300,202410,0010421,KH3101,S,단리,S,정액적립식,6,3.4,3.4
030300,202410,0010421,KH3102,S,단리,S,정액적립식,12,4.0,4.0
030300,202410,0010421,KH3102,S,단리,S,정액적립식,24,4.0,4.0
030300,202410,0010421,KH3102,S,단리,S,정액적립식,36,4.0,4.0
030300,202410,0010421,KH3103,S,단리,S,정액적립식,36,4.0,4.0
030300,202410,0010421,KH3103,S,단리,S,정액적립식,24,4.0,4.0
030300,202410,0010421,KH3103,S,단리,S,정액적립식,12,4.0,4.0
030300,202410,0010421,KH3103,S,단리,S,정액적립식,6,3.4,3.4
030300,202410,0010426,310006,S,단리,S,정액적립식,6,3.0,3.0
030300,202410,0010426,310006,S,단리,S,정액적립식,12,4.0,4.0
030300,202410,0010426,310006,S,단리,S,정액적립식,24,3.8,3.8
030300,202410,0010426,310006,S,단리,S,정액적립식,36,3.8,3.8
030300,202410,0010426,310007,S,단리,S,정액적립식,6,3.0,3.0
030300,202410,0010426,310007,S,단리,S,정액적립식,12,4.0,4.0
030300,202410,0010426,310007,S,단리,S,정액적립식,24,3.8,3.8
030300,202410,0010426,310007,S,단리,S,정액적립식,36,3.8,3.8
030300,202410,0010426,310009,S,단리,S,정액적립식,12,4.3,4.3
030300,202410,0010430,310035,S,단리,S,정액적립식,36,3.4,3.4
030300,202410,0010430,310035,S,단리,S,정액적립식,24,3.4,3.4
030300,202410,0010430,310035,S,단리,S,정액적립식,12,3.6,3.6
030300,202410,0010430,310036,S,단리,S,정액적립식,12,3.7,3.7
030300,202410,0010430,310036,S,단리,S,정액적립식,24,3.5,3.5
030300,202410,0010430,310036,S,단리,S,정액적립식,36,3.5,3.5
030300,202410,0010430,310037,S,단리,S,정액적립식,12,3.7,3.7
030300,202410,0010430,310037,S,단리,S,정액적립식,24,3.5,3.5
030300,202410,0010430,310037,S,단리,S,정액적립식,36,3.5,3.5
030300,202410,0010430,310038,S,단리,S,정액적립식,12,3.7,3.7
030300,202410,0010430,310038,S,단리,S,정액적립식,24,3.5,3.5
030300,202410,0010430,310038,S,단리,S,정액적립식,36,3.5,3.5
030300,202410,0010437,310000,S,단리,S,정액적립식,6,1.7,1.7
030300,202410,0010437,310000,S,단리,S,정액적립식,12,2.3,2.3
030300,202410,0010437,310000,S,단리,S,정액적립식,24,2.4,2.4
030300,202410,0010437,310000,S,단리,S,정액적립식,36,2.5,2.5
030300,202410,0010437,310003,S,단리,S,정액적립식,36,3.9,3.9
030300,202410,0010437,310003,S,단리,S,정액적립식,24,3.8,3.8
030300,202410,0010437,310003,S,단리,S,정액적립식,12,3.7,3.7
030300,202410,0010437,310005,S,단리,S,정액적립식,6,3.5,3.5
030300,202410,0010437,310005,S,단리,S,정액적립식,12,4.0,4.0
030300,202410,0010437,310005,S,단리,S,정액적립식,24,4.0,4.0
030300,202410,0010437,310005,S,단리,S,정액적립식,36,3.5,3.5
030300,202410,0010437,310006,S,단리,S,정액적립식,12,3.7,3.7
030300,202410,0010437,310006,S,단리,S,정액적립식,24,3.8,3.8
030300,202410,0010437,310006,S,단리,S,정액적립식,36,3.9,3.9
030300,202410,0010437,310007,S,단리,S,정액적립식,6,3.5,3.5
030300,202410,0010437,310007,S,단리,S,정액적립식,12,4.0,4.0
030300,202410,0010437,310007,S,단리,S,정액적립식,24,4.0,4.0
030300,202410,0010438,310009,S,단리,S,정액적립식,36,4.2,4.2
030300,202410,0010438,310009,S,단리,S,정액적립식,24,4.1,4.1
030300,202410,0010438,310009,S,단리,S,정액적립식,12,4.0,4.0
030300,202410,0010438,310009,S,단리,S,정액적립식,6,2.0,2.0
030300,202410,0010438,310010,M,복리,F,자유적립식,36,4.2,4.2
030300,202410,0010438,310010,M,복리,F,자유적립식,24,4.1,4.1
030300,202410,0010438,310010,M,복리,F,자유적립식,12,4.0,4.0
030300,202410,0010438,310010,M,복리,F,자유적립식,6,2.0,2.0
030300,202410,0010438,310010,M,복리,S,정액적립식,36,4.2,4.2
030300,202410,0010438,310010,M,복리,S,정액적립식,24,4.1,4.1
030300,202410,0010438,310010,M,복리,S,정액적립식,12,4.0,4.0
030300,202410,0010438,310010,M,복리,S,정액적립식,6,2.0,2.0
030300,202410,0010438,310010,S,단리,F,자유적립식,36,4.2,4.2
030300,202410,0010438,310010,S,단리,F,자유적립식,24,4.1,4.1
030300,202410,0010438,310010,S,단리,F,자유적립식,12,4.0,4.0
030300,202410,0010438,310010,S,단리,F,자유적립식,6,2.0,2.0
030300,202410,0010438,310010,S,단리,S,정액적립식,36,4.2,4.2
030300,202410,0010438,310010,S,단리,S,정액적립식,24,4.1,4.1
030300,202410,0010438,310010,S,단리,S,정액적립식,12,4.0,4.0
030300,202410,0010438,310010,S,단리,S,정액적립식,6,2.0,2.0
030300,202410,0010439,310008,S,단리,S,정액적립식,36,3.5,3.5
030300,202410,0010439,310008,S,단리,S,정액적립식,24,3.8,3.8
030300,202410,0010439,310008,S,단리,S,정액적립식,12,4.0,4.0
030300,202410,0010439,310008,S,단리,S,정액적립식,6,3.2,3.2
030300,202410,0010448,31-0001,S,단리,S,정액적립식,6,3.8,3.8
030300,202410,0010448,31-0001,S,단리,S,정액적립식,12,3.8,3.8
030300,202410,0010448,31-0001,S,단리,S,정액적립식,24,3.8,3.8
030300,202410,0010448,31-0001,S,단리,S,정액적립식,36,3.8,3.8
030300,202410,0010448,31-0002,S,단리,S,정액적립식,36,3.8,3.8
030300,202410,0010448,31-0002,S,단리,S,정액적립식,24,3.8,3.8
030300,202410,0010448,31-0002,S,단리,S,정액적립식,12,3.8,3.8
030300,202410,0010448,31-0002,S,단리,S,정액적립식,6,3.8,3.8
030300,202410,0010448,31-0003,S,단리,S,정액적립식,6,3.8,3.8
030300,202410,0010448,31-0003,S,단리,S,정액적립식,12,3.8,3.8
030300,202410,0010448,31-0003,S,단리,S,정액적립식,24,3.8,3.8
030300,202410,0010448,31-0003,S,단리,S,정액적립식,36,3.8,3.8
030300,202410,0010449,NY310006,S,단리,S,정액적립식,6,3.9,3.9
030300,202410,0010449,NY310006,S,단리,S,정액적립식,12,4.0,4.0
030300,202410,0010449,NY310006,S,단리,S,정액적립식,24,4.1,4.1
030300,202410,0010449,NY310006,S,단리,S,정액적립식,36,4.2,4.2
030300,202410,0010449,NY310007,S,단리,S,정액적립식,6,3.9,3.9
030300,202410,0010449,NY310007,S,단리,S,정액적립식,12,4.0,4.0
030300,202410,0010449,NY310007,S,단리,S,정액적립식,24,4.1,4.1
030300,202410,0010449,NY310007,S,단리,S,정액적립식,36,4.2,4.2
030300,202410,0010449,NY310009,S,단리,S,정액적립식,36,4.2,4.2
030300,202410,0010449,NY310009,S,단리,S,정액적립식,24,4.1,4.1
030300,202410,0010449,NY310009,S,단리,S,정액적립식,12,4.0,4.0
030300,202410,0010449,NY310009,S,단리,S,정액적립식,6,3.9,3.9
030300,202410,0010453,310001,S,단리,S,정액적립식,6,2.5,2.5
030300,202410,0010453,310001,S,단리,S,정액적립식,12,3.9,3.9
030300,202410,0010453,310001,S,단리,S,정액적립식,24,3.4,3.4
030300,202410,0010453,310001,S,단리,S,정액적립식,36,3.4,3.4
030300,202410,0010453,310005,S,단리,S,정액적립식,6,2.5,2.5
030300,202410,0010453,310005,S,단리,S,정액적립식,12,3.9,3.9
030300,202410,0010453,310005,S,단리,S,정액적립식,24,3.4,3.4
030300,202410,0010453,310005,S,단리,S,정액적립식,36,3.4,3.4
030300,202410,0010453,310006,S,단리,S,정액적립식,36,3.6,3.6
030300,202410,0010453,310006,S,단리,S,정액적립식,24,3.6,3.6
030300,202410,0010453,310006,S,단리,S,정액적립식,12,4.1,4.1
030300,202410,0010453,310006,S,단리,S,정액적립식,6,2.7,2.7
030300,202410,0010453,310011,S,단리,S,정액적립식,6,2.5,2.5
030300,202410,0010453,310011,S,단리,S,정액적립식,12,3.9,3.9
030300,202410,0010453,310011,S,단리,S,정액적립식,24,3.4,3.4
030300,202410,0010453,310011,S,단리,S,정액적립식,36,3.4,3.4
030300,202410,0010456,310008,S,단리,S,정액적립식,6,3.0,3.0
030300,202410,0010456,310008,S,단리,S,정액적립식,12,4.0,4.0
030300,202410,0010456,310008,S,단리,S,정액적립식,24,3.3,3.3
030300,202410,0010456,310008,S,단리,S,정액적립식,36,3.4,3.4
030300,202410,0010456,310009,S,단리,S,정액적립식,6,3.0,3.0
030300,202410,0010456,310009,S,단리,S,정액적립식,12,4.1,4.1
030300,202410,0010456,310009,S,단리,S,정액적립식,24,3.4,3.4
030300,202410,0010456,310009,S,단리,S,정액적립식,36,3.5,3.5
030300,202410,0010456,310010,S,단리,S,정액적립식,36,3.5,3.5
030300,202410,0010456,310010,S,단리,S,정액적립식,24,3.4,3.4
030300,202410,0010456,310010,S,단리,S,정액적립식,12,4.1,4.1
030300,202410,0010456,310010,S,단리,S,정액적립식,6,3.0,3.0
030300,202410,0010456,310011,S,단리,S,정액적립식,6,1.4,1.4
030300,202410,0010456,310011,S,단리,S,정액적립식,12,1.7,1.7
030300,202410,0010456,310011,S,단리,S,정액적립식,24,1.8,1.8
030300,202410,0010456,310011,S,단리,S,정액적립식,36,1.9,1.9
030300,202410,0010456,310012,S,단리,S,정액적립식,6,1.4,1.4
030300,202410,0010456,310012,S,단리,S,정액적립식,12,1.7,1.7
030300,202410,0010456,310012,S,단리,S,정액적립식,24,1.8,1.8
030300,202410,0010456,310012,S,단리,S,정액적립식,36,1.9,1.9
030300,202410,0010457,310006,S,단리,S,정액적립식,6,2.6,2.6
030300,202410,0010457,310006,S,단리,S,정액적립식,12,3.7,3.7
030300,202410,0010457,310006,S,단리,S,정액적립식,24,3.8,3.8
030300,202410,0010457,310006,S,단리,S,정액적립식,36,3.9,3.9
030300,202410,0010457,310007,S,단리,S,정액적립식,36,3.9,3.9
030300,202410,0010457,310007,S,단리,S,정액적립식,24,3.8,3.8
030300,202410,0010457,310007,S,단리,S,정액적립식,12,3.7,3.7
030300,202410,0010457,310007,S,단리,S,정액적립식,6,2.6,2.6
030300,202410,0010457,310009,S,단리,S,정액적립식,6,2.6,2.6
030300,202410,0010457,310009,S,단리,S,정액적립식,12,3.7,3.7
030300,202410,0010457,310009,S,단리,S,정액적립식,24,3.8,3.8
030300,202410,0010457,310009,S,단리,S,정액적립식,36,3.9,3.9
030300,202410,0010460,310010,S,단리,S,정액적립식,6,2.8,2.8
030300,202410,0010460,310010,S,단리,S,정액적립식,12,3.8,3.8
030300,202410,0010460,310010,S,단리,S,정액적립식,24,3.7,3.7
030300,202410,0010460,310010,S,단리,S,정액적립식,36,3.6,3.6
030300,202410,0010460,3100109,S,단리,S,정액적립식,6,2.8,2.8
030300,202410,0010460,3100109,S,단리,S,정액적립식,12,3.8,3.8
030300,202410,0010460,3100109,S,단리,S,정액적립식,24,3.7,3.7
030300,202410,0010460,3100109,S,단리,S,정액적립식,36,3.6,3.6
030300,202410,0010460,310011,S,단리,S,정액적립식,6,2.8,2.8
030300,202410,0010460,310011,S,단리,S,정액적립식,12,3.8,3.8
030300,202410,0010460,310011,S,단리,S,정액적립식,24,3.7,3.7
030300,202410,0010460,310011,S,단리,S,정액적립식,36,3.6,3.6
030300,202410,0010460,310013,S,단리,S,정액적립식,6,2.7,2.7
030300,202410,0010460,310013,S,단리,S,정액적립식,12,3.7,3.7
030300,202410,0010460,310013,S,단리,S,정액적립식,24,3.6,3.6
030300,202410,0010460,310013,S,단리,S,정액적립식,36,3.5,3.5
030300,202410,0010463,310005,S,단리,S,정액적립식,36,2.5,2.5
030300,202410,0010463,310005,S,단리,S,정액적립식,24,3.0,3.0
030300,202410,0010463,310005,S,단리,S,정액적립식,12,3.6,3.6
030300,202410,0010463,310005,S,단리,S,정액적립식,6,3.0,3.0
030300,202410,0010463,310007,S,단리,S,정액적립식,6,3.0,3.0
030300,202410,0010463,310007,S,단리,S,정액적립식,12,3.6,3.6
030300,202410,0010463,310007,S,단리,S,정액적립식,24,3.0,3.0
030300,202410,0010463,310007,S,단리,S,정액적립식,36,2.5,2.5
030300,202410,0010464,310008,M,복리,S,정액적립식,24,3.7,3.7
030300,202410,0010464,310008,M,복리,S,정액적립식,12,4.2,4.2
030300,202410,0010464,310008,M,복리,S,정액적립식,6,2.4,2.4
030300,202410,0010464,310008,S,단리,S,정액적립식,24,3.7,3.7
030300,202410,0010464,310008,S,단리,S,정액적립식,12,4.2,4.2
030300,202410,0010464,310008,S,단리,S,정액적립식,6,2.4,2.4
030300,202410,0010464,310010,M,복리,S,정액적립식,24,3.7,3.7
030300,202410,0010464,310010,M,복리,S,정액적립식,12,4.2,4.2
030300,202410,0010464,310010,M,복리,S,정액적립식,6,2.5,2.5
030300,202410,0010464,310010,S,단리,S,정액적립식,24,3.7,3.7
030300,202410,0010464,310010,S,단리,S,정액적립식,12,4.2,4.2
030300,202410,0010464,310010,S,단리,S,정액적립식,6,2.5,2.5
030300,202410,0010464,310011,S,단리,S,정액적립식,6,2.5,2.5
030300,202410,0010464,310011,S,단리,S,정액적립식,12,4.2,4.2
030300,202410,0010464,310011,S,단리,S,정액적립식,24,3.7,3.7
030300,202410,0010464,310011,M,복리,S,정액적립식,6,2.5,2.5
030300,202410,0010464,310011,M,복리,S,정액적립식,12,4.2,4.2
030300,202410,0010464,310011,M,복리,S,정액적립식,24,3.7,3.7
030300,202410,0010464,310012,M,복리,S,정액적립식,24,3.7,3.7
030300,202410,0010464,310012,M,복리,S,정액적립식,12,4.2,4.2
030300,202410,0010464,310012,M,복리,S,정액적립식,6,2.5,2.5
030300,202410,0010464,310012,S,단리,S,정액적립식,24,3.7,3.7
030300,202410,0010464,310012,S,단리,S,정액적립식,12,4.2,4.2
030300,202410,0010464,310012,S,단리,S,정액적립식,6,2.5,2.5
030300,202410,0010464,380001,S,단리,F,자유적립식,1,1.1,1.1
030300,202410,0010464,380001,S,단리,F,자유적립식,3,1.2,1.2
030300,202410,0010464,380001,S,단리,F,자유적립식,6,1.3,1.3
030300,202410,0010464,380001,S,단리,F,자유적립식,12,1.6,1.6
030300,202410,0010464,380001,S,단리,F,자유적립식,24,1.65,1.65
030300,202410,0010464,380001,M,복리,F,자유적립식,1,1.1,1.1
030300,202410,0010464,380001,M,복리,F,자유적립식,3,1.2,1.2
030300,202410,0010464,380001,M,복리,F,자유적립식,6,1.3,1.3
030300,202410,0010464,380001,M,복리,F,자유적립식,12,1.6,1.6
030300,202410,0010464,380001,M,복리,F,자유적립식,24,1.65,1.65
030300,202410,0010467,310000,S,단리,S,정액적립식,36,3.7,3.7
030300,202410,0010467,310000,S,단리,S,정액적립식,24,3.7,3.7
030300,202410,0010467,310000,S,단리,S,정액적립식,12,3.6,3.6
030300,202410,0010467,310000,S,단리,S,정액적립식,6,3.0,3.0
030300,202410,0010467,311000,S,단리,S,정액적립식,6,3.0,3.0
030300,202410,0010467,311000,S,단리,S,정액적립식,12,3.6,3.6
030300,202410,0010467,311000,S,단리,S,정액적립식,24,3.7,3.7
030300,202410,0010467,311000,S,단리,S,정액적립식,36,3.7,3.7
030300,202410,0010467,311100,S,단리,S,정액적립식,36,3.7,3.7
030300,202410,0010467,311100,S,단리,S,정액적립식,24,3.7,3.7
030300,202410,0010467,311100,S,단리,S,정액적립식,12,3.6,3.6
030300,202410,0010467,311100,S,단리,S,정액적립식,6,3.0,3.0
030300,202410,0010468,310001,S,단리,S,정액적립식,6,3.0,3.0
030300,202410,0010468,310001,S,단리,S,정액적립식,12,4.0,4.0
030300,202410,0010468,310001,S,단리,S,정액적립식,24,4.1,4.1
030300,202410,0010468,310001,S,단리,S,정액적립식,36,3.0,3.0
030300,202410,0010468,310035,S,단리,S,정액적립식,6,3.0,3.0
030300,202410,0010468,310035,S,단리,S,정액적립식,12,4.0,4.0
030300,202410,0010468,310035,S,단리,S,정액적립식,24,4.1,4.1
030300,202410,0010468,310035,S,단리,S,정액적립식,36,3.0,3.0
030300,202410,0010468,310052,S,단리,S,정액적립식,12,4.0,5.0
030300,202410,0010468,310056,S,단리,S,정액적립식,12,4.0,5.0
030300,202410,0010468,310601,S,단리,S,정액적립식,12,4.0,4.0
030300,202410,0010468,310601,S,단리,S,정액적립식,24,4.0,4.0
030300,202410,0010468,310601,S,단리,S,정액적립식,36,4.0,4.0
030300,202410,0010471,31-0026,S,단리,S,정액적립식,6,3.5,3.5
030300,202410,0010471,31-0026,S,단리,S,정액적립식,12,4.0,4.0
030300,202410,0010471,31-0026,S,단리,S,정액적립식,24,3.5,3.5
030300,202410,0010471,31-0026,S,단리,S,정액적립식,36,3.3,3.3
030300,202410,0010471,31-0027,S,단리,S,정액적립식,36,3.3,3.3
030300,202410,0010471,31-0027,S,단리,S,정액적립식,24,3.5,3.5
030300,202410,0010471,31-0027,S,단리,S,정액적립식,12,4.0,4.0
030300,202410,0010471,31-0027,S,단리,S,정액적립식,6,3.5,3.5
030300,202410,0010471,31-0031,S,단리,S,정액적립식,12,3.5,3.5
030300,202410,0010471,31-0032,S,단리,S,정액적립식,6,3.5,3.5
030300,202410,0010471,31-0032,S,단리,S,정액적립식,12,4.0,4.0
030300,202410,0010471,31-0032,S,단리,S,정액적립식,24,3.5,3.5
030300,202410,0010471,31-0032,S,단리,S,정액적립식,36,3.3,3.3
030300,202410,0010471,31-0039,S,단리,S,정액적립식,6,5.0,5.0
030300,202410,0010471,310033,S,단리,S,정액적립식,6,6.0,6.0
030300,202410,0010473,GP310001,M,복리,S,정액적립식,36,2.3,2.3
030300,202410,0010473,GP310001,M,복리,S,정액적립식,24,2.3,2.3
030300,202410,0010473,GP310001,M,복리,S,정액적립식,12,2.2,2.2
030300,202410,0010473,GP310001,M,복리,S,정액적립식,6,2.1,2.1
030300,202410,0010473,GP310001,S,단리,S,정액적립식,36,2.3,2.3
030300,202410,0010473,GP310001,S,단리,S,정액적립식,24,2.3,2.3
030300,202410,0010473,GP310001,S,단리,S,정액적립식,12,2.2,2.2
030300,202410,0010473,GP310001,S,단리,S,정액적립식,6,2.1,2.1
030300,202410,0010473,GP310015,S,단리,S,정액적립식,6,2.1,2.1
030300,202410,0010473,GP310015,S,단리,S,정액적립식,12,2.2,2.2
030300,202410,0010473,GP310015,S,단리,S,정액적립식,24,2.3,2.3
030300,202410,0010473,GP310015,S,단리,S,정액적립식,36,2.3,2.3
030300,202410,0010473,GP310015,M,복리,S,정액적립식,6,2.1,2.1
030300,202410,0010473,GP310015,M,복리,S,정액적립식,12,2.2,2.2
030300,202410,0010473,GP310015,M,복리,S,정액적립식,24,2.3,2.3
030300,202410,0010473,GP310015,M,복리,S,정액적립식,36,2.3,2.3
030300,202410,0010473,GP310017,M,복리,S,정액적립식,36,2.3,2.3
030300,202410,0010473,GP310017,M,복리,S,정액적립식,24,2.3,2.3
030300,202410,0010473,GP310017,M,복리,S,정액적립식,12,2.2,2.2
030300,202410,0010473,GP310017,M,복리,S,정액적립식,6,2.1,2.1
030300,202410,0010473,GP310017,S,단리,S,정액적립식,36,2.3,2.3
030300,202410,0010473,GP310017,S,단리,S,정액적립식,24,2.3,2.3
030300,202410,0010473,GP310017,S,단리,S,정액적립식,12,2.2,2.2
030300,202410,0010473,GP310017,S,단리,S,정액적립식,6,2.1,2.1
030300,202410,0010477,310037,S,단리,S,정액적립식,6,2.7,2.7
030300,202410,0010477,310037,S,단리,S,정액적립식,12,3.5,3.5
030300,202410,0010477,310037,S,단리,S,정액적립식,24,3.5,3.5
030300,202410,0010477,310037,S,단리,S,정액적립식,36,3.5,3.5
030300,202410,0010477,310037,S,단리,F,자유적립식,6,2.0,2.0
030300,202410,0010477,310037,S,단리,F,자유적립식,12,2.8,2.8
030300,202410,0010477,310037,S,단리,F,자유적립식,24,2.8,2.8
030300,202410,0010477,310037,S,단리,F,자유적립식,36,2.8,2.8
030300,202410,0010477,310039,S,단리,F,자유적립식,36,2.85,2.85
030300,202410,0010477,310039,S,단리,F,자유적립식,24,2.85,2.85
030300,202410,0010477,310039,S,단리,F,자유적립식,12,2.85,2.85
030300,202410,0010477,310039,S,단리,F,자유적립식,6,2.05,2.05
030300,202410,0010477,310039,S,단리,S,정액적립식,36,3.55,3.55
030300,202410,0010477,310039,S,단리,S,정액적립식,24,3.55,3.55
030300,202410,0010477,310039,S,단리,S,정액적립식,12,3.55,3.55
030300,202410,0010477,310039,S,단리,S,정액적립식,6,2.75,2.75
030300,202410,0010477,310051,S,단리,S,정액적립식,6,2.75,2.75
030300,202410,0010477,310051,S,단리,S,정액적립식,12,3.55,3.55
030300,202410,0010477,310051,S,단리,S,정액적립식,24,3.55,3.55
030300,202410,0010477,310051,S,단리,S,정액적립식,36,3.55,3.55
030300,202410,0010478,310004,M,복리,F,자유적립식,36,4.2,4.2
030300,202410,0010478,310004,M,복리,F,자유적립식,24,4.2,4.2
030300,202410,0010478,310004,M,복리,F,자유적립식,12,4.2,4.2
030300,202410,0010478,310004,M,복리,F,자유적립식,6,4.0,4.0
030300,202410,0010478,310004,M,복리,S,정액적립식,36,4.2,4.2
030300,202410,0010478,310004,M,복리,S,정액적립식,24,4.2,4.2
030300,202410,0010478,310004,M,복리,S,정액적립식,12,4.2,4.2
030300,202410,0010478,310004,M,복리,S,정액적립식,6,4.0,4.0
030300,202410,0010478,310004,S,단리,F,자유적립식,36,4.2,4.2
030300,202410,0010478,310004,S,단리,F,자유적립식,24,4.2,4.2
030300,202410,0010478,310004,S,단리,F,자유적립식,12,4.2,4.2
030300,202410,0010478,310004,S,단리,F,자유적립식,6,4.0,4.0
030300,202410,0010478,310004,S,단리,S,정액적립식,36,4.2,4.2
030300,202410,0010478,310004,S,단리,S,정액적립식,24,4.2,4.2
030300,202410,0010478,310004,S,단리,S,정액적립식,12,4.2,4.2
030300,202410,0010478,310004,S,단리,S,정액적립식,6,4.0,4.0
030300,202410,0010478,310005,M,복리,F,자유적립식,36,4.2,4.2
030300,202410,0010478,310005,M,복리,F,자유적립식,24,4.2,4.2
030300,202410,0010478,310005,M,복리,F,자유적립식,12,4.2,4.2
030300,202410,0010478,310005,M,복리,F,자유적립식,6,4.0,4.0
030300,202410,0010478,310005,M,복리,S,정액적립식,36,4.2,4.2
030300,202410,0010478,310005,M,복리,S,정액적립식,24,4.2,4.2
030300,202410,0010478,310005,M,복리,S,정액적립식,12,4.2,4.2
030300,202410,0010478,310005,M,복리,S,정액적립식,6,4.0,4.0
030300,202410,0010478,310005,S,단리,F,자유적립식,36,4.2,4.2
030300,202410,0010478,310005,S,단리,F,자유적립식,24,4.2,4.2
030300,202410,0010478,310005,S,단리,F,자유적립식,12,4.2,4.2
030300,202410,0010478,310005,S,단리,F,자유적립식,6,4.0,4.0
030300,202410,0010478,310005,S,단리,S,정액적립식,36,4.2,4.2
030300,202410,0010478,310005,S,단리,S,정액적립식,24,4.2,4.2
030300,202410,0010478,310005,S,단리,S,정액적립식,12,4.2,4.2
030300,202410,0010478,310005,S,단리,S,정액적립식,6,4.0,4.0
030300,202410,0010485,310002,M,복리,F,자유적립식,36,3.9,3.9
030300,202410,0010485,310002,M,복리,F,자유적립식,24,3.85,3.85
030300,202410,0010485,310002,M,복리,F,자유적립식,12,3.75,3.75
030300,202410,0010485,310002,M,복리,S,정액적립식,36,3.9,3.9
030300,202410,0010485,310002,M,복리,S,정액적립식,24,3.85,3.85
030300,202410,0010485,310002,M,복리,S,정액적립식,12,3.75,3.75
030300,202410,0010485,310009,S,단리,F,자유적립식,12,4.1,4.1
030300,202410,0010485,310009,M,복리,F,자유적립식,12,4.1,4.1
030300,202410,0010485,401003,M,복리,F,자유적립식,36,3.85,3.85
030300,202410,0010485,401003,M,복리,F,자유적립식,24,3.8,3.8
030300,202410,0010485,401003,M,복리,F,자유적립식,12,3.7,3.7
030300,202410,0010485,401003,M,복리,S,정액적립식,36,3.85,3.85
030300,202410,0010485,401003,M,복리,S,정액적립식,24,3.8,3.8
030300,202410,0010485,401003,M,복리,S,정액적립식,12,3.7,3.7
030300,202410,0010488,310024,S,단리,S,정액적립식,6,1.5,1.6
030300,202410,0010488,310024,S,단리,S,정액적립식,12,2.5,2.6
030300,202410,0010488,310024,S,단리,S,정액적립식,24,2.6,2.7
030300,202410,0010488,310024,S,단리,S,정액적립식,36,2.6,2.7
030300,202410,0010488,310024,M,복리,S,정액적립식,6,1.5,1.6
030300,202410,0010488,310024,M,복리,S,정액적립식,12,2.5,2.6
030300,202410,0010488,310024,M,복리,S,정액적립식,24,2.6,2.7
030300,202410,0010488,310024,M,복리,S,정액적립식,36,2.6,2.7
030300,202410,0010488,310034,M,복리,S,정액적립식,36,2.7,2.7
030300,202410,0010488,310034,M,복리,S,정액적립식,24,2.7,2.7
030300,202410,0010488,310034,M,복리,S,정액적립식,12,2.6,2.6
030300,202410,0010488,310034,M,복리,S,정액적립식,6,1.6,1.6
030300,202410,0010488,310034,S,단리,S,정액적립식,36,2.7,2.7
030300,202410,0010488,310034,S,단리,S,정액적립식,24,2.7,2.7
030300,202410,0010488,310034,S,단리,S,정액적립식,12,2.6,2.6
030300,202410,0010488,310034,S,단리,S,정액적립식,6,1.6,1.6
030300,202410,0010489,310008,S,단리,F,자유적립식,36,3.3,3.3
030300,202410,0010489,310008,S,단리,F,자유적립식,24,3.3,3.3
030300,202410,0010489,310008,S,단리,F,자유적립식,12,3.6,3.6
030300,202410,0010489,310008,S,단리,F,자유적립식,6,3.6,3.6
030300,202410,0010489,310008,S,단리,F,자유적립식,3,1.2,1.2
030300,202410,0010489,310008,S,단리,F,자유적립식,1,1.0,1.0
030300,202410,0010489,310008,S,단리,S,정액적립식,36,4.0,4.2
030300,202410,0010489,310008,S,단리,S,정액적립식,24,4.0,4.2
030300,202410,0010489,310008,S,단리,S,정액적립식,12,4.3,4.5
030300,202410,0010489,310008,S,단리,S,정액적립식,6,2.1,2.1
030300,202410,0010489,310010,S,단리,S,정액적립식,6,2.1,2.1
030300,202410,0010489,310010,S,단리,S,정액적립식,12,4.1,4.5
030300,202410,0010489,310010,S,단리,S,정액적립식,24,4.0,4.2
030300,202410,0010489,310010,S,단리,S,정액적립식,36,4.0,4.2
030300,202410,0010489,310011,S,단리,S,정액적립식,12,4.5,4.7
030300,202410,0010492,31-0004,M,복리,S,정액적립식,36,3.2,3.2
030300,202410,0010492,31-0004,M,복리,S,정액적립식,24,3.2,3.2
030300,202410,0010492,31-0004,M,복리,S,정액적립식,12,3.2,3.2
030300,202410,0010492,31-0004,M,복리,S,정액적립식,6,2.6,2.6
030300,202410,0010492,31-0004,S,단리,S,정액적립식,36,3.2,3.2
030300,202410,0010492,31-0004,S,단리,S,정액적립식,24,3.2,3.2
030300,202410,0010492,31-0004,S,단리,S,정액적립식,12,3.2,3.2
030300,202410,0010492,31-0004,S,단리,S,정액적립식,6,2.6,2.6
030300,202410,0010492,31-0005,S,단리,S,정액적립식,6,2.6,2.6
030300,202410,0010492,31-0005,S,단리,S,정액적립식,12,3.2,3.2
030300,202410,0010492,31-0005,S,단리,S,정액적립식,24,3.2,3.2
030300,202410,0010492,31-0005,S,단리,S,정액적립식,36,3.2,3.2
030300,202410,0010492,31-0005,M,복리,S,정액적립식,6,2.6,2.6
030300,202410,0010492,31-0005,M,복리,S,정액적립식,12,3.2,3.2
030300,202410,0010492,31-0005,M,복리,S,정액적립식,24,3.2,3.2
030300,202410,0010492,31-0005,M,복리,S,정액적립식,36,3.2,3.2
030300,202410,0010492,31-0006,M,복리,S,정액적립식,36,3.2,3.2
030300,202410,0010492,31-0006,M,복리,S,정액적립식,24,3.2,3.2
030300,202410,0010492,31-0006,M,복리,S,정액적립식,12,3.2,3.2
030300,202410,0010492,31-0006,M,복리,S,정액적립식,6,2.6,2.6
030300,202410,0010492,31-0006,S,단리,S,정액적립식,36,3.2,3.2
030300,202410,0010492,31-0006,S,단리,S,정액적립식,24,3.2,3.2
030300,202410,0010492,31-0006,S,단리,S,정액적립식,12,3.2,3.2
030300,202410,0010492,31-0006,S,단리,S,정액적립식,6,2.6,2.6
030300,202410,0010508,02010,S,단리,S,정액적립식,6,2.1,2.1
030300,202410,0010508,02010,S,단리,S,정액적립식,12,2.2,2.2
030300,202410,0010508,02010,S,단리,S,정액적립식,24,2.3,2.3
030300,202410,0010508,02010,S,단리,S,정액적립식,36,2.3,2.3
030300,202410,0010508,02010,M,복리,S,정액적립식,6,2.1,2.1
030300,202410,0010508,02010,M,복리,S,정액적립식,12,2.2,2.2
030300,202410,0010508,02010,M,복리,S,정액적립식,24,2.3,2.3
030300,202410,0010508,02010,M,복리,S,정액적립식,36,2.3,2.3
030300,202410,0010508,02011,M,복리,S,정액적립식,36,2.3,2.3
030300,202410,0010508,02011,M,복리,S,정액적립식,24,2.3,2.3
030300,202410,0010508,02011,M,복리,S,정액적립식,12,2.2,2.2
030300,202410,0010508,02011,M,복리,S,정액적립식,6,2.1,2.1
030300,202410,0010508,02011,S,단리,S,정액적립식,36,2.3,2.3
030300,202410,0010508,02011,S,단리,S,정액적립식,24,2.3,2.3
030300,202410,0010508,02011,S,단리,S,정액적립식,12,2.2,2.2
030300,202410,0010508,02011,S,단리,S,정액적립식,6,2.1,2.1
030300,202410,0010508,02012,S,단리,S,정액적립식,6,2.1,2.1
030300,202410,0010508,02012,S,단리,S,정액적립식,12,2.2,2.2
030300,202410,0010508,02012,S,단리,S,정액적립식,24,2.3,2.3
030300,202410,0010508,02012,S,단리,S,정액적립식,36,2.3,2.3
030300,202410,0010508,02012,M,복리,S,정액적립식,6,2.1,2.1
030300,202410,0010508,02012,M,복리,S,정액적립식,12,2.2,2.2
030300,202410,0010508,02012,M,복리,S,정액적립식,24,2.3,2.3
030300,202410,0010508,02012,M,복리,S,정액적립식,36,2.3,2.3
030300,202410,0010508,02070,M,복리,S,정액적립식,36,2.3,2.3
030300,202410,0010508,02070,M,복리,S,정액적립식,24,2.3,2.3
030300,202410,0010508,02070,M,복리,S,정액적립식,12,2.2,2.2
030300,202410,0010508,02070,M,복리,S,정액적립식,6,2.1,2.1
030300,202410,0010508,02070,S,단리,S,정액적립식,36,2.3,2.3
030300,202410,0010508,02070,S,단리,S,정액적립식,24,2.3,2.3
030300,202410,0010508,02070,S,단리,S,정액적립식,12,2.2,2.2
030300,202410,0010508,02070,S,단리,S,정액적립식,6,2.1,2.1
030300,202410,0010509,240019,M,복리,F,자유적립식,12,4.1,4.1
030300,202410,0010509,240019,M,복리,F,자유적립식,6,4.0,4.0
030300,202410,0010509,240019,M,복리,S,정액적립식,12,4.07,4.07
030300,202410,0010509,240019,M,복리,S,정액적립식,6,3.93,3.93
030300,202410,0010509,240019,S,단리,F,자유적립식,12,4.1,4.1
030300,202410,0010509,240019,S,단리,F,자유적립식,6,4.0,4.0
030300,202410,0010509,240019,S,단리,S,정액적립식,12,4.0,4.0
030300,202410,0010509,240019,S,단리,S,정액적립식,6,3.9,3.9
030300,202410,0010509,310011,S,단리,S,정액적립식,12,3.0,3.0
030300,202410,0010509,310011,S,단리,S,정액적립식,24,3.0,3.0
030300,202410,0010509,310011,S,단리,S,정액적립식,36,3.0,3.0
030300,202410,0010509,310012,M,복리,S,정액적립식,36,5.0,5.0
030300,202410,0010509,310012,M,복리,S,정액적립식,24,3.0,3.0
030300,202410,0010509,310012,M,복리,S,정액적립식,12,3.0,3.0
030300,202410,0010509,310012,S,단리,S,정액적립식,36,5.0,5.0
030300,202410,0010509,310012,S,단리,S,정액적립식,24,3.0,3.0
030300,202410,0010509,310012,S,단리,S,정액적립식,12,3.0,3.0
030300,202410,0010509,310016,S,단리,S,정액적립식,12,4.0,4.0
030300,202410,0010509,310016,S,단리,S,정액적립식,24,4.0,4.0
030300,202410,0010509,310016,S,단리,S,정액적립식,36,4.0,4.0
030300,202410,0010509,310017,S,단리,S,정액적립식,12,4.0,4.0
030300,202410,0010509,310017,S,단리,S,정액적립식,24,4.0,4.0
030300,202410,0010509,310017,S,단리,S,정액적립식,36,4.0,4.0
030300,202410,0010510,310001,M,복리,F,자유적립식,36,3.4,3.4
030300,202410,0010510,310001,M,복리,F,자유적립식,24,3.4,3.4
030300,202410,0010510,310001,M,복리,F,자유적립식,12,3.65,3.65
030300,202410,0010510,310001,M,복리,F,자유적립식,6,3.4,3.4
030300,202410,0010510,310001,M,복리,F,자유적립식,3,3.3,3.3
030300,202410,0010510,310001,M,복리,F,자유적립식,1,2.0,2.0
030300,202410,0010510,310001,S,단리,F,자유적립식,36,3.4,3.4
030300,202410,0010510,310001,S,단리,F,자유적립식,24,3.4,3.4
030300,202410,0010510,310001,S,단리,F,자유적립식,12,3.65,3.65
030300,202410,0010510,310001,S,단리,F,자유적립식,6,3.4,3.4
030300,202410,0010510,310001,S,단리,F,자유적립식,3,3.3,3.3
030300,202410,0010510,310001,S,단리,F,자유적립식,1,2.0,2.0
030300,202410,0010510,310010,M,복리,S,정액적립식,36,4.0,4.0
030300,202410,0010510,310010,M,복리,S,정액적립식,24,4.0,4.0
030300,202410,0010510,310010,M,복리,S,정액적립식,12,4.3,4.3
030300,202410,0010510,310010,M,복리,S,정액적립식,6,3.5,3.5
030300,202410,0010510,310010,S,단리,S,정액적립식,36,4.0,4.0
030300,202410,0010510,310010,S,단리,S,정액적립식,24,4.0,4.0
030300,202410,0010510,310010,S,단리,S,정액적립식,12,4.3,4.3
030300,202410,0010510,310010,S,단리,S,정액적립식,6,3.5,3.5
030300,202410,0010510,310011,M,복리,S,정액적립식,36,4.0,4.0
030300,202410,0010510,310011,M,복리,S,정액적립식,24,4.0,4.0
030300,202410,0010510,310011,M,복리,S,정액적립식,12,4.3,4.3
030300,202410,0010510,310011,M,복리,S,정액적립식,6,3.5,3.5
030300,202410,0010510,310011,S,단리,S,정액적립식,36,4.0,4.0
030300,202410,0010510,310011,S,단리,S,정액적립식,24,4.0,4.0
030300,202410,0010510,310011,S,단리,S,정액적립식,12,4.3,4.3
030300,202410,0010510,310011,S,단리,S,정액적립식,6,3.5,3.5
030300,202410,0010521,310003,S,단리,S,정액적립식,6,2.0,2.0
030300,202410,0010521,310003,S,단리,S,정액적립식,12,3.5,3.5
030300,202410,0010521,310003,S,단리,S,정액적립식,24,3.0,3.0
030300,202410,0010521,310003,S,단리,S,정액적립식,36,3.0,3.0
030300,202410,0010521,310004,S,단리,S,정액적립식,6,2.0,2.0
030300,202410,0010521,310004,S,단리,S,정액적립식,12,3.5,3.5
030300,202410,0010521,310004,S,단리,S,정액적립식,24,3.0,3.0
030300,202410,0010521,310004,S,단리,S,정액적립식,36,3.0,3.0
030300,202410,0010526,310007,S,단리,F,자유적립식,36,2.0,2.0
030300,202410,0010526,310007,S,단리,F,자유적립식,24,2.0,2.0
030300,202410,0010526,310007,S,단리,F,자유적립식,12,1.9,1.9
030300,202410,0010526,310007,S,단리,F,자유적립식,6,1.7,1.7
030300,202410,0010526,310007,S,단리,S,정액적립식,36,3.6,3.6
030300,202410,0010526,310007,S,단리,S,정액적립식,24,4.0,4.0
030300,202410,0010526,310007,S,단리,S,정액적립식,12,4.0,4.0
030300,202410,0010526,310007,S,단리,S,정액적립식,6,2.1,2.1
030300,202410,0010526,310008,S,단리,F,자유적립식,6,2.1,2.1
030300,202410,0010526,310008,S,단리,F,자유적립식,12,3.5,3.5
030300,202410,0010526,310008,S,단리,F,자유적립식,24,3.6,3.6
030300,202410,0010526,310008,S,단리,F,자유적립식,36,3.6,3.6
030300,202410,0010526,310010,S,단리,F,자유적립식,36,2.0,2.0
030300,202410,0010526,310010,S,단리,F,자유적립식,24,2.0,2.0
030300,202410,0010526,310010,S,단리,F,자유적립식,12,1.9,1.9
030300,202410,0010526,310010,S,단리,F,자유적립식,6,1.7,1.7
030300,202410,0010526,310010,S,단리,S,정액적립식,36,3.6,3.6
030300,202410,0010526,310010,S,단리,S,정액적립식,24,4.0,4.0
030300,202410,0010526,310010,S,단리,S,정액적립식,12,4.0,4.0
030300,202410,0010526,310010,S,단리,S,정액적립식,6,2.1,2.1
030300,202410,0010527,310006,M,복리,S,정액적립식,36,3.5,3.5
030300,202410,0010527,310006,M,복리,S,정액적립식,24,3.8,3.8
030300,202410,0010527,310006,M,복리,S,정액적립식,12,4.0,4.0
030300,202410,0010527,310006,M,복리,S,정액적립식,6,2.5,2.5
030300,202410,0010527,310006,S,단리,S,정액적립식,36,3.5,3.5
030300,202410,0010527,310006,S,단리,S,정액적립식,24,3.8,3.8
030300,202410,0010527,310006,S,단리,S,정액적립식,12,4.0,4.0
030300,202410,0010527,310006,S,단리,S,정액적립식,6,2.5,2.5
030300,202410,0010527,310007,M,복리,S,정액적립식,36,3.5,3.5
030300,202410,0010527,310007,M,복리,S,정액적립식,24,3.8,3.8
030300,202410,0010527,310007,M,복리,S,정액적립식,12,4.0,4.0
030300,202410,0010527,310007,M,복리,S,정액적립식,6,2.5,2.5
030300,202410,0010527,310007,S,단리,S,정액적립식,36,3.5,3.5
030300,202410,0010527,310007,S,단리,S,정액적립식,24,3.8,3.8
030300,202410,0010527,310007,S,단리,S,정액적립식,12,4.0,4.0
030300,202410,0010527,310007,S,단리,S,정액적립식,6,2.5,2.5
030300,202410,0010528,310011,S,단리,S,정액적립식,6,2.5,2.5
030300,202410,0010528,310011,S,단리,S,정액적립식,12,4.0,4.0
030300,202410,0010528,310011,S,단리,S,정액적립식,24,3.5,3.5
030300,202410,0010528,310011,S,단리,S,정액적립식,36,3.2,3.2
030300,202410,0010528,310012,S,단리,S,정액적립식,36,3.2,3.2
030300,202410,0010528,310012,S,단리,S,정액적립식,24,3.5,3.5
030300,202410,0010528,310012,S,단리,S,정액적립식,12,4.0,4.0
030300,202410,0010528,310012,S,단리,S,정액적립식,6,2.5,2.5
030300,202410,0010533,31,S,단리,S,정액적립식,6,2.0,2.0
030300,202410,0010533,31,S,단리,S,정액적립식,12,3.0,3.0
030300,202410,0010533,31,S,단리,S,정액적립식,24,3.2,3.2
030300,202410,0010533,31,S,단리,S,정액적립식,36,3.2,3.2
030300,202410,0010533,310005,S,단리,S,정액적립식,6,2.0,2.0
030300,202410,0010533,310005,S,단리,S,정액적립식,12,3.0,3.0
030300,202410,0010533,310005,S,단리,S,정액적립식,24,3.2,3.2
030300,202410,0010533,310005,S,단리,S,정액적립식,36,3.2,3.2
030300,202410,0010533,38,M,복리,F,자유적립식,6,2.0,2.0
030300,202410,0010533,38,M,복리,F,자유적립식,12,1.8,1.8
030300,202410,0010533,38,M,복리,F,자유적립식,24,1.8,1.8
030300,202410,0010533,38,M,복리,F,자유적립식,36,1.8,1.8
030300,202410,0010534,WR0001B,S,단리,S,정액적립식,36,3.2,3.2
030300,202410,0010534,WR0001B,S,단리,S,정액적립식,24,3.1,3.1
030300,202410,0010534,WR0001B,S,단리,S,정액적립식,12,3.0,3.0
030300,202410,0010534,WR0001B,S,단리,S,정액적립식,6,2.5,2.5
030300,202410,0010534,WR0001K,S,단리,S,정액적립식,6,2.5,2.5
030300,202410,0010534,WR0001K,S,단리,S,정액적립식,12,3.0,3.0
030300,202410,0010534,WR0001K,S,단리,S,정액적립식,24,3.1,3.1
030300,202410,0010534,WR0001K,S,단리,S,정액적립식,36,3.2,3.2
030300,202410,0010534,WR0001N,S,단리,S,정액적립식,6,2.5,2.5
030300,202410,0010534,WR0001N,S,단리,S,정액적립식,12,3.0,3.0
030300,202410,0010534,WR0001N,S,단리,S,정액적립식,24,3.1,3.1
030300,202410,0010534,WR0001N,S,단리,S,정액적립식,36,3.2,3.2
030300,202410,0010537,310001,S,단리,S,정액적립식,6,3.2,3.2
030300,202410,0010537,310001,S,단리,S,정액적립식,12,4.0,4.0
030300,202410,0010537,310001,S,단리,S,정액적립식,24,3.8,3.8
030300,202410,0010537,310001,S,단리,S,정액적립식,36,3.5,3.5
030300,202410,0010537,310003,S,단리,F,자유적립식,36,2.0,2.0
030300,202410,0010537,310003,S,단리,F,자유적립식,24,2.0,2.0
030300,202410,0010537,310003,S,단리,F,자유적립식,12,3.0,3.0
030300,202410,0010537,310003,S,단리,F,자유적립식,6,2.5,2.5
030300,202410,0010537,310005,S,단리,S,정액적립식,6,3.2,3.2
030300,202410,0010537,310005,S,단리,S,정액적립식,12,4.0,4.0
030300,202410,0010537,310005,S,단리,S,정액적립식,24,3.8,3.8
030300,202410,0010537,310005,S,단리,S,정액적립식,36,3.5,3.5
030300,202410,0010537,310006,S,단리,F,자유적립식,36,2.0,2.0
030300,202410,0010537,310006,S,단리,F,자유적립식,24,2.0,2.0
030300,202410,0010537,310006,S,단리,F,자유적립식,12,3.0,3.0
030300,202410,0010537,310006,S,단리,F,자유적립식,6,2.5,2.5
030300,202410,0010537,310030,S,단리,S,정액적립식,6,3.2,3.2
030300,202410,0010537,310030,S,단리,S,정액적립식,12,4.0,4.0
030300,202410,0010537,310030,S,단리,S,정액적립식,24,3.8,3.8
030300,202410,0010537,310030,S,단리,S,정액적립식,36,3.5,3.5
030300,202410,0010537,310041,S,단리,S,정액적립식,12,3.9,3.9
030300,202410,0010537,310041,S,단리,F,자유적립식,12,3.9,3.9
030300,202410,0010537,310041,M,복리,S,정액적립식,12,3.9,3.9
030300,202410,0010537,310041,M,복리,F,자유적립식,12,3.9,3.9
030300,202410,0010537,310042,S,단리,F,자유적립식,24,5.0,5.0
030300,202410,0010537,310042,S,단리,S,정액적립식,24,5.0,5.0
030300,202410,0010537,311098,S,단리,S,정액적립식,6,3.2,3.2
030300,202410,0010537,311098,S,단리,S,정액적립식,12,4.0,4.0
030300,202410,0010537,311098,S,단리,S,정액적립식,24,3.8,3.8
030300,202410,0010537,311098,S,단리,S,정액적립식,36,3.5,3.5
030300,202410,0010537,311099,S,단리,F,자유적립식,6,2.5,2.5
030300,202410,0010537,311099,S,단리,F,자유적립식,12,3.0,3.0
030300,202410,0010537,311099,S,단리,F,자유적립식,24,2.0,2.0
030300,202410,0010537,311099,S,단리,F,자유적립식,36,2.0,2.0
030300,202410,0010550,310006,S,단리,S,정액적립식,6,1.7,1.7
030300,202410,0010550,310006,S,단리,S,정액적립식,12,3.8,3.8
030300,202410,0010550,310006,S,단리,S,정액적립식,24,3.0,3.0
030300,202410,0010550,310006,S,단리,S,정액적립식,36,3.0,3.0
030300,202410,0010551,310012,S,단리,S,정액적립식,36,3.0,3.0
030300,202410,0010551,310012,S,단리,S,정액적립식,24,3.5,3.5
030300,202410,0010551,310012,S,단리,S,정액적립식,12,4.0,4.0
030300,202410,0010551,310012,S,단리,S,정액적립식,6,2.5,2.5
030300,202410,0010551,310018,S,단리,S,정액적립식,6,2.5,2.5
030300,202410,0010551,310018,S,단리,S,정액적립식,12,4.0,4.0
030300,202410,0010551,310018,S,단리,S,정액적립식,24,3.5,3.5
030300,202410,0010551,310018,S,단리,S,정액적립식,36,3.0,3.0
030300,202410,0010551,310020,S,단리,S,정액적립식,6,2.5,2.5
030300,202410,0010551,310020,S,단리,S,정액적립식,12,4.0,4.0
030300,202410,0010551,310020,S,단리,S,정액적립식,24,3.5,3.5
030300,202410,0010551,310020,S,단리,S,정액적립식,36,3.0,3.0
030300,202410,0010553,310003,M,복리,F,자유적립식,36,3.0,3.0
030300,202410,0010553,310003,M,복리,F,자유적립식,24,3.0,3.0
030300,202410,0010553,310003,M,복리,F,자유적립식,12,3.0,3.0
030300,202410,0010553,310003,M,복리,S,정액적립식,36,3.0,3.0
030300,202410,0010553,310003,M,복리,S,정액적립식,24,3.0,3.0
030300,202410,0010553,310003,M,복리,S,정액적립식,12,3.0,3.0
030300,202410,0010553,310003,S,단리,F,자유적립식,36,3.0,3.0
030300,202410,0010553,310003,S,단리,F,자유적립식,24,3.0,3.0
030300,202410,0010553,310003,S,단리,F,자유적립식,12,3.0,3.0
030300,202410,0010553,310003,S,단리,S,정액적립식,36,3.0,3.0
030300,202410,0010553,310003,S,단리,S,정액적립식,24,3.0,3.0
030300,202410,0010553,310003,S,단리,S,정액적립식,12,3.0,3.0
030300,202410,0010556,310003,S,단리,S,정액적립식,6,1.6,1.6
030300,202410,0010556,310003,S,단리,S,정액적립식,12,1.6,1.6
030300,202410,0010556,310003,S,단리,S,정액적립식,24,1.7,1.7
030300,202410,0010556,310003,S,단리,S,정액적립식,36,1.8,1.8
030300,202410,0010556,310008,M,복리,S,정액적립식,36,1.8,1.8
030300,202410,0010556,310008,M,복리,S,정액적립식,24,1.7,1.7
030300,202410,0010556,310008,M,복리,S,정액적립식,12,1.6,1.6
030300,202410,0010556,310008,M,복리,S,정액적립식,6,1.6,1.6
030300,202410,0010556,310008,S,단리,S,정액적립식,36,1.8,1.8
030300,202410,0010556,310008,S,단리,S,정액적립식,24,1.7,1.7
030300,202410,0010556,310008,S,단리,S,정액적립식,12,1.6,1.6
030300,202410,0010556,310008,S,단리,S,정액적립식,6,1.6,1.6
030300,202410,0010556,310009,M,복리,S,정액적립식,36,1.8,1.8
030300,202410,0010556,310009,M,복리,S,정액적립식,24,1.7,1.7
030300,202410,0010556,310009,M,복리,S,정액적립식,12,1.6,1.6
030300,202410,0010556,310009,M,복리,S,정액적립식,6,1.6,1.6
030300,202410,0010556,310009,S,단리,S,정액적립식,36,1.8,1.8
030300,202410,0010556,310009,S,단리,S,정액적립식,24,1.7,1.7
030300,202410,0010556,310009,S,단리,S,정액적립식,12,1.6,1.6
030300,202410,0010556,310009,S,단리,S,정액적립식,6,1.6,1.6
030300,202410,0010560,C614004,S,단리,S,정액적립식,6,3.0,3.0
030300,202410,0010560,C614004,S,단리,S,정액적립식,12,4.0,4.0
030300,202410,0010560,C614004,S,단리,S,정액적립식,24,3.8,3.8
030300,202410,0010560,C614005,S,단리,S,정액적립식,24,3.8,3.8
030300,202410,0010560,C614005,S,단리,S,정액적립식,12,4.0,4.0
030300,202410,0010560,C614005,S,단리,S,정액적립식,6,3.0,3.0
030300,202410,0010560,C614006,S,단리,S,정액적립식,6,3.0,3.0
030300,202410,0010560,C614006,S,단리,S,정액적립식,12,4.0,4.0
030300,202410,0010560,C614006,S,단리,S,정액적립식,24,3.8,3.8
030300,202410,0010562,310003,M,복리,S,정액적립식,36,3.5,3.5
030300,202410,0010562,310003,M,복리,S,정액적립식,24,3.5,3.5
030300,202410,0010562,310003,M,복리,S,정액적립식,12,3.7,3.7
030300,202410,0010562,310003,M,복리,S,정액적립식,6,1.6,1.6
030300,202410,0010562,310003,S,단리,S,정액적립식,36,3.5,3.5
030300,202410,0010562,310003,S,단리,S,정액적립식,24,3.5,3.5
030300,202410,0010562,310003,S,단리,S,정액적립식,12,3.7,3.7
030300,202410,0010562,310003,S,단리,S,정액적립식,6,1.6,1.6
030300,202410,0010562,310004,S,단리,S,정액적립식,6,1.6,1.6
030300,202410,0010562,310004,S,단리,S,정액적립식,12,3.7,3.7
030300,202410,0010562,310004,S,단리,S,정액적립식,24,3.5,3.5
030300,202410,0010562,310004,S,단리,S,정액적립식,36,3.5,3.5
030300,202410,0010562,310004,M,복리,S,정액적립식,6,1.6,1.6
030300,202410,0010562,310004,M,복리,S,정액적립식,12,3.7,3.7
030300,202410,0010562,310004,M,복리,S,정액적립식,24,3.5,3.5
030300,202410,0010562,310004,M,복리,S,정액적립식,36,3.5,3.5
030300,202410,0010568,310001,S,단리,F,자유적립식,36,1.1,1.1
030300,202410,0010568,310001,S,단리,F,자유적립식,24,1.1,1.1
030300,202410,0010568,310001,S,단리,F,자유적립식,12,1.2,1.2
030300,202410,0010568,310001,S,단리,F,자유적립식,6,0.7,0.7
030300,202410,0010568,310001,S,단리,S,정액적립식,36,1.0,1.0
030300,202410,0010568,310001,S,단리,S,정액적립식,24,1.0,1.0
030300,202410,0010568,310001,S,단리,S,정액적립식,12,1.0,1.0
030300,202410,0010569,310005,S,단리,S,정액적립식,36,3.0,3.0
030300,202410,0010569,310005,S,단리,S,정액적립식,24,3.0,3.0
030300,202410,0010569,310005,S,단리,S,정액적립식,12,3.0,3.0
030300,202410,0010569,310005,S,단리,S,정액적립식,6,2.5,2.5
030300,202410,0010569,310005,S,단리,S,정액적립식,3,2.5,2.5
030300,202410,0010569,310005,S,단리,S,정액적립식,1,2.5,2.5
030300,202410,0010569,310006,S,단리,S,정액적립식,1,2.5,2.5
030300,202410,0010569,310006,S,단리,S,정액적립식,3,2.5,2.5
030300,202410,0010569,310006,S,단리,S,정액적립식,6,2.5,2.5
030300,202410,0010569,310006,S,단리,S,정액적립식,12,3.0,3.0
030300,202410,0010569,310006,S,단리,S,정액적립식,24,3.0,3.0
030300,202410,0010569,310006,S,단리,S,정액적립식,36,3.0,3.0
030300,202410,0010572,310009,S,단리,F,자유적립식,36,2.7,2.7
030300,202410,0010572,310009,S,단리,F,자유적립식,24,2.6,2.6
030300,202410,0010572,310009,S,단리,F,자유적립식,12,3.3,3.3
030300,202410,0010572,310009,S,단리,F,자유적립식,6,2.4,2.4
030300,202410,0010572,310010,S,단리,S,정액적립식,6,2.5,2.5
030300,202410,0010572,310010,S,단리,S,정액적립식,12,3.4,3.4
030300,202410,0010572,310010,S,단리,S,정액적립식,24,2.7,2.7
030300,202410,0010572,310010,S,단리,S,정액적립식,36,2.8,2.8
030300,202410,0010574,310004,M,복리,S,정액적립식,36,4.4,4.4
030300,202410,0010574,310004,M,복리,S,정액적립식,24,4.4,4.4
030300,202410,0010574,310004,M,복리,S,정액적립식,12,4.4,4.4
030300,202410,0010574,310004,M,복리,S,정액적립식,6,3.0,3.0
030300,202410,0010574,310004,S,단리,S,정액적립식,36,4.4,4.4
030300,202410,0010574,310004,S,단리,S,정액적립식,24,4.4,4.4
030300,202410,0010574,310004,S,단리,S,정액적립식,12,4.4,4.4
030300,202410,0010574,310004,S,단리,S,정액적립식,6,3.0,3.0
030300,202410,0010574,310005,M,복리,S,정액적립식,36,4.0,4.0
030300,202410,0010574,310005,M,복리,S,정액적립식,24,4.0,4.0
030300,202410,0010574,310005,M,복리,S,정액적립식,12,4.0,4.0
030300,202410,0010574,310005,M,복리,S,정액적립식,6,3.0,3.0
030300,202410,0010574,310005,S,단리,S,정액적립식,36,4.0,4.0
030300,202410,0010574,310005,S,단리,S,정액적립식,24,4.0,4.0
030300,202410,0010574,310005,S,단리,S,정액적립식,12,4.0,4.0
030300,202410,0010574,310005,S,단리,S,정액적립식,6,3.0,3.0
030300,202410,0010575,JH0001B,S,단리,S,정액적립식,3,2.0,2.0
030300,202410,0010575,JH0001B,S,단리,S,정액적립식,1,2.0,2.0
030300,202410,0010575,JH0001B,S,단리,S,정액적립식,36,3.5,3.5
030300,202410,0010575,JH0001B,S,단리,S,정액적립식,24,4.2,4.2
030300,202410,0010575,JH0001B,S,단리,S,정액적립식,12,4.2,4.2
030300,202410,0010575,JH0001B,S,단리,S,정액적립식,6,2.0,2.0
030300,202410,0010575,JH0001C,S,단리,S,정액적립식,6,2.0,2.0
030300,202410,0010575,JH0001C,S,단리,S,정액적립식,12,2.5,2.5
030300,202410,0010575,JH0001C,S,단리,S,정액적립식,24,2.5,2.5
030300,202410,0010575,JH0001C,S,단리,S,정액적립식,36,2.5,2.5
030300,202410,0010575,JH0001C,M,복리,S,정액적립식,6,2.0,2.0
030300,202410,0010575,JH0001C,M,복리,S,정액적립식,12,2.5,2.5
030300,202410,0010575,JH0001C,M,복리,S,정액적립식,24,2.5,2.5
030300,202410,0010575,JH0001C,M,복리,S,정액적립식,36,2.5,2.5
030300,202410,0010575,JH0002D,S,단리,S,정액적립식,6,2.0,2.0
030300,202410,0010575,JH0002D,S,단리,S,정액적립식,12,4.0,4.0
030300,202410,0010575,JH0002D,S,단리,S,정액적립식,24,4.0,4.0
030300,202410,0010575,JH0002D,S,단리,S,정액적립식,36,3.5,3.5
030300,202410,0010576,240001,M,복리,F,자유적립식,24,1.5,1.5
030300,202410,0010576,240001,M,복리,F,자유적립식,12,1.3,1.3
030300,202410,0010576,240001,M,복리,F,자유적립식,6,0.8,0.8
030300,202410,0010576,240001,M,복리,S,정액적립식,24,2.5,2.5
030300,202410,0010576,240001,M,복리,S,정액적립식,12,2.3,2.3
030300,202410,0010576,240001,M,복리,S,정액적립식,6,1.8,1.8
030300,202410,0010576,240001,S,단리,F,자유적립식,24,1.5,1.5
030300,202410,0010576,240001,S,단리,F,자유적립식,12,1.3,1.3
030300,202410,0010576,240001,S,단리,F,자유적립식,6,0.8,0.8
030300,202410,0010576,240001,S,단리,S,정액적립식,24,2.44,2.44
030300,202410,0010576,240001,S,단리,S,정액적립식,12,2.27,2.27
030300,202410,0010576,240001,S,단리,S,정액적립식,6,1.79,1.79
030300,202410,0010576,310007,S,단리,S,정액적립식,36,4.0,4.0
030300,202410,0010576,310007,S,단리,S,정액적립식,24,3.9,3.9
030300,202410,0010576,310007,S,단리,S,정액적립식,12,3.8,3.8
030300,202410,0010576,310009,S,단리,S,정액적립식,12,3.8,3.8
030300,202410,0010576,310009,S,단리,S,정액적립식,24,3.9,3.9
030300,202410,0010576,310009,S,단리,S,정액적립식,36,4.0,4.0
030300,202410,0010576,310010,S,단리,F,자유적립식,12,3.5,3.5
030300,202410,0010576,310010,S,단리,F,자유적립식,24,4.0,4.0
030300,202410,0010576,310014,S,단리,S,정액적립식,12,3.8,3.8
030300,202410,0010576,310014,S,단리,S,정액적립식,24,3.9,3.9
030300,202410,0010576,310014,S,단리,S,정액적립식,36,4.0,4.0
030300,202410,0010576,310015,S,단리,S,정액적립식,36,4.0,4.0
030300,202410,0010576,310015,S,단리,S,정액적립식,24,3.9,3.9
030300,202410,0010576,310015,S,단리,S,정액적립식,12,3.8,3.8
030300,202410,0010576,310016,S,단리,S,정액적립식,12,3.8,3.8
030300,202410,0010576,310016,S,단리,S,정액적립식,24,3.9,3.9
030300,202410,0010576,310016,S,단리,S,정액적립식,36,4.0,4.0
030300,202410,0011551,310001,S,단리,S,정액적립식,6,2.2,2.2
030300,202410,0011551,310001,S,단리,S,정액적립식,12,3.5,3.5
030300,202410,0011551,310001,S,단리,S,정액적립식,24,3.3,3.3
030300,202410,0011551,310001,S,단리,S,정액적립식,36,3.0,3.0
030300,202410,0011551,310004,S,단리,S,정액적립식,12,3.6,3.6
030300,202410,0011551,310004,S,단리,S,정액적립식,24,3.4,3.4
030300,202410,0011551,310004,S,단리,S,정액적립식,36,3.4,3.4
030300,202410,0011551,310005,S,단리,S,정액적립식,12,3.7,3.7
030300,202410,0011551,310005,S,단리,S,정액적립식,24,3.5,3.5
030300,202410,0011551,310005,S,단리,S,정액적립식,36,3.5,3.5
030300,202410,0011551,310012,S,단리,S,정액적립식,36,2.2,2.2
030300,202410,0011551,310012,S,단리,S,정액적립식,24,2.7,2.7
030300,202410,0011551,310012,S,단리,S,정액적립식,12,3.2,3.2
030300,202410,0011551,310013,S,단리,S,정액적립식,6,2.2,2.2
030300,202410,0011551,310013,S,단리,S,정액적립식,12,3.5,3.5
030300,202410,0011551,310013,S,단리,S,정액적립식,24,3.3,3.3
030300,202410,0011551,310013,S,단리,S,정액적립식,36,3.0,3.0
030300,202410,0011767,310010,S,단리,S,정액적립식,6,2.0,2.0
030300,202410,0011767,310010,S,단리,S,정액적립식,12,2.2,2.2
030300,202410,0011767,310010,S,단리,S,정액적립식,24,2.3,2.3
030300,202410,0011767,310010,S,단리,S,정액적립식,36,2.3,2.3
030300,202410,0012120,310001,M,복리,S,정액적립식,36,3.35,3.35
030300,202410,0012120,310001,M,복리,S,정액적립식,24,3.4,3.4
030300,202410,0012120,310001,M,복리,S,정액적립식,12,3.5,3.5
030300,202410,0012120,310001,M,복리,S,정액적립식,6,2.7,2.7
030300,202410,0012120,310001,S,단리,S,정액적립식,36,3.35,3.35
030300,202410,0012120,310001,S,단리,S,정액적립식,24,3.4,3.4
030300,202410,0012120,310001,S,단리,S,정액적립식,12,3.5,3.5
030300,202410,0012120,310001,S,단리,S,정액적립식,6,2.7,2.7
030300,202410,0012120,310008,S,단리,S,정액적립식,6,2.7,2.7
030300,202410,0012120,310008,S,단리,S,정액적립식,12,3.5,3.5
030300,202410,0012120,310008,S,단리,S,정액적립식,24,3.4,3.4
030300,202410,0012120,310008,S,단리,S,정액적립식,36,3.35,3.35
030300,202410,0012120,310008,M,복리,S,정액적립식,6,2.7,2.7
030300,202410,0012120,310008,M,복리,S,정액적립식,12,3.5,3.5
030300,202410,0012120,310008,M,복리,S,정액적립식,24,3.4,3.4
030300,202410,0012120,310008,M,복리,S,정액적립식,36,3.35,3.35
030300,202410,0012120,310013,S,단리,F,자유적립식,36,3.7,3.7
030300,202410,0012120,310013,S,단리,F,자유적립식,24,3.7,3.7
030300,202410,0012120,310013,S,단리,F,자유적립식,12,3.7,3.7
030300,202410,0012120,310013,S,단리,F,자유적립식,6,2.1,2.1
030300,202410,0012120,310015,S,단리,F,자유적립식,6,2.1,2.1
030300,202410,0012120,310015,S,단리,F,자유적립식,12,3.7,3.7
030300,202410,0012120,310015,S,단리,F,자유적립식,24,3.7,3.7
030300,202410,0012120,310015,S,단리,F,자유적립식,36,3.7,3.7
030300,202410,0012711,31001,S,단리,S,정액적립식,6,3.7,3.8
030300,202410,0012711,31001,S,단리,S,정액적립식,12,4.1,4.2
030300,202410,0012711,31001,S,단리,S,정액적립식,24,4.2,4.3
030300,202410,0012711,31001,S,단리,S,정액적립식,36,4.2,4.3
030300,202410,0012711,31501,S,단리,S,정액적립식,6,3.8,3.8
030300,202410,0012711,31501,S,단리,S,정액적립식,12,4.2,4.2
030300,202410,0012711,31501,S,단리,S,정액적립식,24,4.3,4.3
030300,202410,0012711,31501,S,단리,S,정액적립식,36,4.3,4.3
030300,202410,0012711,31535,S,단리,S,정액적립식,24,3.0,3.1
030300,202410,0012711,31535,S,단리,S,정액적립식,12,2.9,3.0
030300,202410,0012840,JJ05,S,단리,S,정액적립식,12,4.1,4.1
030300,202410,0012840,JJ05,S,단리,S,정액적립식,24,4.1,4.1
030300,202410,0012840,JJ05,S,단리,S,정액적립식,36,4.1,4.1
030300,202410,0012840,JJ09,S,단리,S,정액적립식,12,4.0,4.0
030300,202410,0012840,JJ09,S,단리,S,정액적립식,24,4.0,4.0
030300,202410,0012840,JJ09,S,단리,S,정액적립식,36,4.0,4.0
030300,202410,0012840,JJ10,S,단리,F,자유적립식,12,2.75,2.75
030300,202410,0012840,JJ10,S,단리,F,자유적립식,24,2.9,2.9
030300,202410,0012840,JJ10,S,단리,F,자유적립식,36,2.9,2.9
030300,202410,0012889,310040,M,복리,S,정액적립식,36,3.2,3.2
030300,202410,0012889,310040,M,복리,S,정액적립식,24,4.0,4.0
030300,202410,0012889,310040,M,복리,S,정액적립식,12,4.0,4.0
030300,202410,0012889,310040,M,복리,S,정액적립식,6,2.5,2.5
030300,202410,0012889,310040,S,단리,S,정액적립식,36,3.2,3.2
030300,202410,0012889,310040,S,단리,S,정액적립식,24,4.0,4.0
030300,202410,0012889,310040,S,단리,S,정액적립식,12,4.0,4.0
030300,202410,0012889,310040,S,단리,S,정액적립식,6,2.5,2.5
030300,202410,0012889,310041,S,단리,S,정액적립식,6,2.5,2.5
030300,202410,0012889,310041,S,단리,S,정액적립식,12,4.1,4.1
030300,202410,0012889,310041,S,단리,S,정액적립식,24,4.1,4.1
030300,202410,0012889,310041,S,단리,S,정액적립식,36,3.3,3.3
030300,202410,0012889,310041,M,복리,S,정액적립식,6,2.5,2.5
030300,202410,0012889,310041,M,복리,S,정액적립식,12,4.1,4.1
030300,202410,0012889,310041,M,복리,S,정액적립식,24,4.1,4.1
030300,202410,0012889,310041,M,복리,S,정액적립식,36,3.3,3.3
030300,202410,0012889,310042,M,복리,S,정액적립식,36,3.3,3.3
030300,202410,0012889,310042,M,복리,S,정액적립식,24,4.1,4.1
030300,202410,0012889,310042,M,복리,S,정액적립식,12,4.1,4.1
030300,202410,0012889,310042,M,복리,S,정액적립식,6,2.5,2.5
030300,202410,0012889,310042,S,단리,S,정액적립식,36,3.3,3.3
030300,202410,0012889,310042,S,단리,S,정액적립식,24,4.1,4.1
030300,202410,0012889,310042,S,단리,S,정액적립식,12,4.1,4.1
030300,202410,0012889,310042,S,단리,S,정액적립식,6,2.5,2.5
030300,202410,0013002,BNK1002,S,단리,S,정액적립식,6,2.8,2.8
030300,202410,0013002,BNK1002,S,단리,S,정액적립식,12,3.3,3.3
030300,202410,0013002,BNK1002,S,단리,S,정액적립식,24,3.4,3.4
030300,202410,0013002,BNK1002,S,단리,S,정액적립식,36,3.5,3.5
030300,202410,0013002,BNK1002,M,복리,S,정액적립식,6,2.8,2.8
030300,202410,0013002,BNK1002,M,복리,S,정액적립식,12,3.3,3.3
030300,202410,0013002,BNK1002,M,복리,S,정액적립식,24,3.4,3.4
030300,202410,0013002,BNK1002,M,복리,S,정액적립식,36,3.5,3.5
030300,202410,0013127,310002,M,복리,S,정액적립식,36,3.6,3.8
030300,202410,0013127,310002,M,복리,S,정액적립식,24,3.6,3.8
030300,202410,0013127,310002,M,복리,S,정액적립식,12,3.6,3.8
030300,202410,0013127,310002,S,단리,S,정액적립식,36,3.6,3.8
030300,202410,0013127,310002,S,단리,S,정액적립식,24,3.6,3.8
030300,202410,0013127,310002,S,단리,S,정액적립식,12,3.6,3.8
030300,202410,0013127,310003,S,단리,S,정액적립식,12,3.7,3.8
030300,202410,0013127,310003,S,단리,S,정액적립식,24,3.7,3.8
030300,202410,0013127,310003,S,단리,S,정액적립식,36,3.7,3.8
030300,202410,0013127,310003,M,복리,S,정액적립식,12,3.7,3.8
030300,202410,0013127,310003,M,복리,S,정액적립식,24,3.7,3.8
030300,202410,0013127,310003,M,복리,S,정액적립식,36,3.7,3.8
030300,202410,0013127,310004,M,복리,S,정액적립식,36,3.2,3.4
030300,202410,0013127,310004,M,복리,S,정액적립식,24,3.1,3.3
030300,202410,0013127,310004,M,복리,S,정액적립식,12,3.0,3.2
030300,202410,0013127,310004,S,단리,S,정액적립식,36,3.2,3.4
030300,202410,0013127,310004,S,단리,S,정액적립식,24,3.1,3.3
030300,202410,0013127,310004,S,단리,S,정액적립식,12,3.0,3.2
030300,202410,0013127,310005,S,단리,S,정액적립식,12,3.1,3.2
030300,202410,0013127,310005,S,단리,S,정액적립식,24,3.2,3.3
030300,202410,0013127,310005,S,단리,S,정액적립식,36,3.3,3.4
030300,202410,0013127,310005,M,복리,S,정액적립식,12,3.1,3.2
030300,202410,0013127,310005,M,복리,S,정액적립식,24,3.2,3.3
030300,202410,0013127,310005,M,복리,S,정액적립식,36,3.3,3.4
030300,202410,0013127,310006,M,복리,S,정액적립식,12,4.5,5.0
030300,202410,0013127,310006,S,단리,S,정액적립식,12,4.5,5.0
030300,202410,0013166,240010,S,단리,S,정액적립식,12,2.0,5.0
030300,202410,0013166,240010,S,단리,S,정액적립식,24,2.0,5.0
030300,202410,0013166,240010,M,복리,S,정액적립식,12,2.0,5.0
030300,202410,0013166,240010,M,복리,S,정액적립식,24,2.0,5.0
030300,202410,0013166,310001,M,복리,S,정액적립식,36,3.7,3.8
030300,202410,0013166,310001,M,복리,S,정액적립식,24,3.7,3.8
030300,202410,0013166,310001,M,복리,S,정액적립식,12,3.9,6.3
030300,202410,0013166,310001,M,복리,S,정액적립식,6,2.5,2.6
030300,202410,0013166,310001,S,단리,S,정액적립식,36,3.7,3.8
030300,202410,0013166,310001,S,단리,S,정액적립식,24,3.7,3.8
030300,202410,0013166,310001,S,단리,S,정액적립식,12,3.9,6.3
030300,202410,0013166,310001,S,단리,S,정액적립식,6,2.5,2.6
030300,202410,0013166,310002,S,단리,S,정액적립식,6,2.6,2.6
030300,202410,0013166,310002,S,단리,S,정액적립식,12,4.0,4.0
030300,202410,0013166,310002,S,단리,S,정액적립식,24,3.8,3.8
030300,202410,0013166,310002,S,단리,S,정액적립식,36,3.8,3.8
030300,202410,0013166,310002,M,복리,S,정액적립식,6,2.6,2.6
030300,202410,0013166,310002,M,복리,S,정액적립식,12,4.0,4.0
030300,202410,0013166,310002,M,복리,S,정액적립식,24,3.8,3.8
030300,202410,0013166,310002,M,복리,S,정액적립식,36,3.8,3.8
030300,202410,0013308,JTCSB310010,S,단리,S,정액적립식,36,2.7,2.7
030300,202410,0013308,JTCSB310010,S,단리,S,정액적립식,24,3.7,3.7
030300,202410,0013308,JTCSB310010,S,단리,S,정액적립식,12,3.6,3.6
030300,202410,0013308,JTCSB310010,S,단리,S,정액적립식,6,2.0,2.0
030300,202410,0013308,JTCSB310013,S,단리,S,정액적립식,12,3.7,3.7
030300,202410,0013308,JTCSB310013,S,단리,S,정액적립식,24,2.7,2.7
030300,202410,0013308,JTCSB310026,S,단리,S,정액적립식,6,2.0,2.0
030300,202410,0013308,JTCSB310026,S,단리,S,정액적립식,12,3.7,3.7
030300,202410,0013308,JTCSB310026,S,단리,S,정액적립식,24,3.8,3.8
030300,202410,0013308,JTCSB310026,S,단리,S,정액적립식,36,2.8,2.8
030300,202410,0013313,31000,S,단리,S,정액적립식,36,3.0,3.0
030300,202410,0013313,31000,S,단리,S,정액적립식,24,3.0,3.0
030300,202410,0013313,31000,S,단리,S,정액적립식,12,3.0,3.5
030300,202410,0013313,31000,S,단리,S,정액적립식,6,3.0,3.0
030300,202410,0013313,31010,S,단리,S,정액적립식,6,3.1,3.1
030300,202410,0013313,31010,S,단리,S,정액적립식,12,3.1,3.6
030300,202410,0013313,31010,S,단리,S,정액적립식,24,3.1,3.1
030300,202410,0013313,31010,S,단리,S,정액적립식,36,3.1,3.1
030300,202410,0013313,31030,S,단리,F,자유적립식,36,1.5,1.5
030300,202410,0013313,31030,S,단리,F,자유적립식,24,1.5,1.5
030300,202410,0013313,31030,S,단리,F,자유적립식,12,1.5,1.5
030300,202410,0013313,31040,S,단리,F,자유적립식,12,1.6,1.6
030300,202410,0013313,31040,S,단리,F,자유적립식,24,1.6,1.6
030300,202410,0013313,31040,S,단리,F,자유적립식,36,1.6,1.6
030300,202410,0013313,31110,S,단리,S,정액적립식,6,3.1,3.1
030300,202410,0013313,31110,S,단리,S,정액적립식,12,3.1,3.6
030300,202410,0013313,31110,S,단리,S,정액적립식,24,3.1,3.1
030300,202410,0013313,31110,S,단리,S,정액적립식,36,3.1,3.1
030300,202410,0013313,31115,S,단리,S,정액적립식,6,4.0,5.0
030300,202410,0013313,31115,S,단리,S,정액적립식,12,4.0,5.0
030300,202410,0013313,31140,S,단리,F,자유적립식,12,1.6,1.6
030300,202410,0013313,31140,S,단리,F,자유적립식,24,1.6,1.6
030300,202410,0013313,31140,S,단리,F,자유적립식,36,1.6,1.6
030300,202410,0013350,1130311001,S,단리,S,정액적립식,36,3.5,4.3
030300,202410,0013350,1130311001,S,단리,S,정액적립식,24,3.3,4.1
030300,202410,0013350,1130311001,S,단리,S,정액적립식,12,3.1,3.9
030300,202410,0013350,1130311001,S,단리,S,정액적립식,6,2.9,3.7
030300,202410,0013350,1130312001,S,단리,S,정액적립식,6,2.9,3.7
030300,202410,0013350,1130312001,S,단리,S,정액적립식,12,3.2,4.0
030300,202410,0013350,1130312001,S,단리,S,정액적립식,24,3.4,4.2
030300,202410,0013350,1130312001,S,단리,S,정액적립식,36,3.6,4.4
030300,202410,0013350,1130312007,S,단리,S,정액적립식,12,3.7,7.0
030300,202410,0013350,1130313002,S,단리,S,정액적립식,6,2.9,3.7
030300,202410,0013350,1130313002,S,단리,S,정액적립식,12,3.2,4.0
030300,202410,0013350,1130313002,S,단리,S,정액적립식,24,3.4,4.2
030300,202410,0013350,1130313002,S,단리,S,정액적립식,36,3.6,4.4
030300,202410,0013350,1130313504,S,단리,S,정액적립식,12,3.7,7.0
030300,202410,0013350,1130313506,S,단리,S,정액적립식,12,2.0,6.0
030300,202410,0013350,1130313507,S,단리,S,정액적립식,12,1.0,10.0
030300,202410,0013350,1130313561,S,단리,F,자유적립식,12,2.8,2.8
030300,202410,0013350,1130313562,S,단리,F,자유적립식,12,1.5,4.5
030300,202410,0013350,1130313563,S,단리,F,자유적립식,12,2.0,14.0
030300,202410,0013350,1130315004,S,단리,S,정액적립식,12,3.1,4.8
030300,202410,0013350,1130315008,S,단리,S,정액적립식,12,1.0,10.0
030300,202410,0013350,1130315008,S,단리,S,정액적립식,24,1.0,10.0
030300,202410,0013350,1130315008,S,단리,S,정액적립식,36,1.0,10.0
030300,202410,0013350,1130315009,S,단리,S,정액적립식,12,1.0,5.5
030300,202410,0013350,1130315009,S,단리,S,정액적립식,24,1.0,5.5
030300,202410,0013350,1130315011,S,단리,S,정액적립식,12,1.0,6.5
030300,202410,0013350,1130315011,S,단리,S,정액적립식,24,1.0,6.5
030300,202410,0013351,310001,S,단리,S,정액적립식,12,2.5,2.5
030300,202410,0013351,310001,S,단리,S,정액적립식,24,2.5,2.5
030300,202410,0013351,310001,S,단리,S,정액적립식,36,2.5,2.5
030300,202410,0013351,310030,S,단리,S,정액적립식,12,2.6,2.6
030300,202410,0013351,310030,S,단리,S,정액적립식,24,2.6,2.6
030300,202410,0013351,310030,S,단리,S,정액적립식,36,2.6,2.6
